,Index,pressure,density,temperature,Mach,nu
0,0,1043433.1193042484,75.20793902596037,569.8879158316633,1.0,0.0
1,1,1037110.0213788128,74.53710508023822,569.7479914629449,1.0055489071521446,0.0
2,2,983147.9812306742,73.87813263846795,558.4491,1.011008607919813,0.0009264789816187795
3,3,978106.8799812768,73.2307098597472,558.4491,1.0158906760441313,0.0022077631412904856
4,4,973101.6270761716,72.59453573934398,558.4491,1.0207111224138052,0.0037209297836458296
5,5,968132.3417861442,71.96931964206733,558.4491,1.0254718070243374,0.005419374330648345
6,6,963199.1138874014,71.35478085954493,558.4491,1.0301744983756957,0.007271661239468969
7,7,958302.005556854,70.75064818999094,558.4491,1.0348208794308165,0.009254646049383905
8,8,953441.053159674,70.15665953914213,558.4491,1.0394125531089602,0.011350349328624344
9,9,948616.2689350497,69.57256154112892,558.4491,1.0439510473554712,0.013544290198313807
10,10,943827.6425857802,68.99810919812877,558.4491,1.0484378198253421,0.015824499749057443
11,11,939075.142777032,68.43306553772554,558.4491,1.052874262214299,0.018180891641645453
12,12,934358.7185493064,67.87720128696783,558.4491,1.0572617042678256,0.02060483739173591
13,13,929678.3006503877,67.33029456218475,558.4491,1.0616014174956163,0.023088866958703675
14,14,925033.8027907964,66.79213057367706,558.4491,1.065894618616318,0.025626450142953127
15,15,920425.122827006,66.26250134445847,558.4491,1.0701424727550783,0.02821183233986838
16,16,915852.1438764696,65.74120544227304,558.4491,1.0743460964143097,0.030839908153787534
17,17,911314.7353682668,65.22804772416336,558.4491,1.078506560236196,0.03350612216580468
18,18,906812.7540329786,64.72283909290908,558.4491,1.0826248915737706,0.03620638966909663
19,19,902346.0448351888,64.22539626469715,558.4491,1.086702076885872,0.038937032406809166
20,20,897914.4418518427,63.735541547424035,558.4491,1.0907390639699126,0.041694725795286804
21,21,893517.7690994873,63.25310262906675,558.4491,1.0947367640451588,0.04447645508582065
22,22,889155.8413132695,62.77791237559297,558.4491,1.098696053698104,0.04727947858473308
23,23,884828.4646804017,62.3098086379125,558.4491,1.102617776700512,0.05010129651968959
24,24,880535.437530646,61.84863406740163,558.4491,1.1065027457097945,0.052939624475231276
25,25,876276.5509862382,61.39423593955951,558.4491,1.110351743860563,0.05579237056465564
26,26,872051.58957353,60.9464659853812,558.4491,1.1141655262554524,0.05865761568605883
27,27,867860.3317984939,60.505180230056645,558.4491,1.1179448213626275,0.061533596346004506
28,28,863702.550688134,60.07023883862653,558.4491,1.1216903323267804,0.06441868963746307
29,29,859578.0142997036,59.641505968247756,558.4491,1.125402738199859,0.06731140003808393
30,30,855486.4861995539,59.2188496267405,558.4491,1.1290826950972659,0.07021034775666694
31,31,851427.7259133095,58.80214153710746,558.4491,1.1327308372847977,0.07311425840428144
32,32,847401.4893489913,58.391257007733266,558.4491,1.1363477782011833,0.07602195380502755
33,33,843407.5291945989,57.98607480798801,558.4491,1.1399341114206847,0.078932343792283
34,34,839445.5952915956,57.58647704897432,558.4491,1.1434904115598838,0.08184441886116567
35,35,835515.4349856466,57.192349069171456,558.4491,1.1470172351324521,0.08475724356816842
36,36,831616.7934558903,56.80357932474356,558.4491,1.150515121355409,0.08766995058547844
37,37,827749.41402395,56.42005928429143,558.4491,1.1539845929101107,0.09058173533112968
38,38,823913.0384438256,56.04168332783941,558.4491,1.1574261566609603,0.09349185110744047
39,39,820107.4071737403,55.66834864985972,558.4491,1.1608403043346125,0.0963996046896095
40,40,816332.2596309567,55.29995516614742,558.4491,1.1642275131622333,0.09930435231423888
41,41,812587.3344305233,54.936405424368516,558.4491,1.1675882464871916,0.10220549602420353
42,42,808872.3696088524,54.577604518113574,558.4491,1.1709229543403847,0.10510248033191379
43,43,805187.1028329878,54.223460004297415,558.4491,1.1742320739852397,0.10799478916780311
44,44,801531.2715963667,53.873881823753955,558.4491,1.1775160304342844,0.11088194308495702
45,45,797904.6134018344,53.52878222488294,558.4491,1.1807752369390534,0.11376349669430078
46,46,794306.8659326377,53.188075690212536,558.4491,1.18401009545496,0.11663903630777578
47,47,790737.767212069,52.851678865748795,558.4491,1.187220997082661,0.11950817776953615
48,48,787197.0557524057,52.519510492989205,558.4491,1.1904083224873285,0.12237056445745102
49,49,783684.4706937519,52.191491343484074,558.4491,1.1935724422971479,0.12522586543915779
50,50,780199.751933349,51.867544155834864,558.4491,1.1967137174822717,0.1280737737686203
51,51,776742.640245901,51.54759357502437,558.4491,1.1998324997153753,0.13091400491064065
52,52,773312.8773954205,51.231566093978586,558.4491,1.2029291317148831,0.13374629528208398
53,53,769910.2062390804,50.91938999726511,558.4491,1.2060039475718634,0.1365704008997286
54,54,766534.3708235221,50.61099530683753,558.4491,1.2090572730615237,0.1393860961256702
55,55,763185.1164740566,50.306313729739514,558.4491,1.2120894259401787,0.14219317250210703
56,56,759862.1898771573,50.005278607686556,558.4491,1.2151007162285035,0.14499143766812927
57,57,756565.339156635,49.70782486844718,558.4491,1.2180914464818358,0.14778071435184234
58,58,753294.3139438526,49.41388897894914,558.4491,1.2210619120482389,0.15056083943178236
59,59,750048.8654423248,49.12340890003958,558.4491,1.2240124013149967,0.1533316630621435
60,60,746828.7464870252,48.836324042831556,558.4491,1.2269431959441615,0.15609304785683745
61,61,743633.7115987095,48.55257522657237,558.4491,1.2298545710977482,0.15884486812785364
62,62,740463.5170335361,48.27210463797215,558.4491,1.2327467956531202,0.16158700917379146
63,63,737317.9208282697,47.99485579193402,558.4491,1.235620132409087,0.16431936661479662
64,64,734196.6828413121,47.720773493629835,558.4491,1.2384748382831985,0.16704184577045933
65,65,731099.5647898166,47.4498038018679,558.4491,1.241311164500691,0.16975436107752467
66,66,728026.3302831062,47.18189399370178,558.4491,1.2441293567755152,0.17245683554453037
67,67,724976.7448526192,46.91699253023121,558.4491,1.2469296554838494,0.1751492002407265
68,68,721950.5759785902,46.655049023548784,558.4491,1.2497122958304758,0.17783139381684784
69,69,718947.5931136523,46.39601420478756,558.4491,1.252477508008379,0.1805033620555066
70,70,715967.5677035538,46.13983989322739,558.4491,1.2552255173519022,0.183165057449151
71,71,713010.2732051567,45.88647896641894,558.4491,1.2579565444837797,0.1858164388036979
72,72,710075.4851018867,45.6358853312868,558.4491,1.2606708054563414,0.1884574708660947
73,73,707162.9809167827,45.38801389617421,558.4491,1.2633685118871758,0.19108812397420097
74,74,704272.5402233017,45.14282054379392,558.4491,1.2660498710895143,0.19370837372750202
75,75,701403.9446540104,44.90026210505114,558.4491,1.2687150861975882,0.1963182006772803
76,76,698556.9779072944,44.66029633370586,558.4491,1.2713643562871983,0.19891759003497156
77,77,695731.4257522181,44.42288188184328,558.4491,1.2739978764917184,0.20150653139752744
78,78,692927.0760316402,44.18797827612261,558.4491,1.2766158381137458,0.20408501848869262
79,79,690143.7186637035,43.95554589477538,558.4491,1.2792184287326005,0.2066530489151824
80,80,687381.1456417998,43.725545945325976,558.4491,1.2818058323078605,0.20921062393682077
81,81,684639.151033112,43.49794044300792,558.4491,1.2843782292791137,0.21175774824976426
82,82,681917.5309758217,43.2726921898508,558.4491,1.2869357966620978,0.2142944297819992
83,83,679216.0836750766,43.04976475441368,558.4491,1.289478708141387,0.21682067950035616
84,84,676534.6093977955,42.829122452141625,558.4491,1.2920071341597799,0.21933651122833747
85,85,673872.9104663935,42.61073032632334,558.4491,1.294521242004532,0.22184194147410194
86,86,671230.7912514987,42.39455412962836,558.4491,1.2970211958905713,0.2243369892679951
87,87,668608.058163734,42.180560306203425,558.4491,1.2995071570408265,0.22682167600905448
88,88,666004.5196446275,41.96871597430843,558.4491,1.3019792837637918,0.22929602531995727
89,89,663419.9861567141,41.75898890947291,558.4491,1.3044377315284448,0.231760062909913
90,90,660854.2701728919,41.55134752815509,558.4491,1.306882653036631,0.2342138164450361
91,91,658307.1861650804,41.34576087188605,558.4491,1.3093141982930196,0.2366573154257637
92,92,655778.5505922446,41.142198591882234,558.4491,1.3117325146727303,0.23909059107091168
93,93,653268.1818878242,40.94063093411036,558.4491,1.3141377469867295,0.2415136762079884
94,94,650775.900446622,40.74102872478913,558.4491,1.3165300375450855,0.24392660516940887
95,95,648301.5286111907,40.543363356313066,558.4491,1.3189095262181691,0.24632941369427566
96,96,645844.8906577666,40.34760677358409,558.4491,1.3212763504958849,0.24872213883541247
97,97,643405.8127817807,40.153731460737184,558.4491,1.3236306455450066,0.25110481887135666
98,98,640984.1230829926,39.961710428246946,558.4491,1.3259725442646986,0.25347749322303476
99,99,638579.6515502756,39.7715172004023,558.4491,1.3283021773402885,0.25584020237486127
100,100,636192.2300460935,39.583125803137236,558.4491,1.330619673295364,0.25819298780001826
101,101,633821.6922906908,39.396510752205735,558.4491,1.3329251585422548,0.2605358918896859
102,102,631467.8738460353,39.21164704168965,558.4491,1.3352187574309657,0.26286895788600945
103,103,629130.6120995324,39.02851013282863,558.4491,1.337500592296616,0.2651922298186
104,104,626809.7462475423,38.84707594316155,558.4491,1.339770783505445,0.26750575244437896
105,105,624505.1172787255,38.66732083596955,558.4491,1.3420294494994358,0.2698095711905862
106,106,622216.5679572312,38.48922161001063,558.4491,1.3442767068396095,0.2721037321007838
107,107,619943.9428057638,38.31275548953682,558.4491,1.3465126702480392,0.274388281783696
108,108,617687.0880885326,38.137900114584575,558.4491,1.3487374526486304,0.27666326736473507
109,109,615445.8517941171,37.96463353152993,558.4491,1.3509511652067132,0.2789287364400722
110,110,613220.0836182595,37.79293418389989,558.4491,1.3531539173674898,0.2811847370331199
111,111,611009.6349465976,37.62278090343211,558.4491,1.3553458168933772,0.2834313175532998
112,112,608814.3588373644,37.4541529013749,558.4491,1.3575269699002859,0.28566852675697757
113,113,606634.1100040585,37.287029760020225,558.4491,1.3596974808928726,0.2878964137104522
114,114,604468.7447981065,37.12139142446239,558.4491,1.3618574527988008,0.2901150277548944
115,115,602318.1211915266,36.957218194575326,558.4491,1.3640069870020473,0.2923244184731331
116,116,600182.098759607,36.79449071720195,558.4491,1.3661461833752842,0.2945246356581968
117,117,598060.5386636095,36.633189978548856,558.4491,1.3682751403113722,0.2967157292835187
118,118,595953.303633512,36.47329729678022,558.4491,1.3703939547539916,0.2988977494747225
119,119,593860.2579507936,36.31479431480483,558.4491,1.372502722227444,0.30107074648290777
120,120,591781.2674312794,36.15766299325039,558.4491,1.3746015368656497,0.30323477065936005
121,121,589716.1994080478,36.00188560361934,558.4491,1.3766904914403701,0.30538987243161314
122,122,587664.9227144091,35.84744472162098,558.4491,1.37876967738868,0.30753610228079636
123,123,585627.307666967,35.69432322067433,558.4491,1.3808391848397137,0.30967351072020244
124,124,583603.2260487648,35.542504265576945,558.4491,1.3828991026407111,0.31180214827501457
125,125,581592.5510925243,35.391971306334504,558.4491,1.3849495183823843,0.31392206546313595
126,126,579595.1574639867,35.24270807214659,558.4491,1.3869905184236286,0.316033312777066
127,127,577610.9212453552,35.094698565544014,558.4491,1.389022187915597,0.31813594066677225
128,128,575639.7199188485,34.947927056673244,558.4491,1.3910446108251617,0.32022999952350856
129,129,573681.4323503711,34.80237807772366,558.4491,1.393057869957778,0.3223155396645324
130,130,571735.9387732975,34.65803641749347,558.4491,1.3950620469797737,0.3243926113186782
131,131,569803.1207723836,34.514887116090335,558.4491,1.3970572224400786,0.3264612646127433
132,132,567882.8612678022,34.37291545976272,558.4491,1.399043475791415,0.3285215495586479
133,133,565975.0444993083,34.23210697585837,558.4491,1.4010208854109611,0.3305735160413305
134,134,564079.5560105378,34.092447427906095,558.4491,1.4029895286205092,0.33261721380734327
135,135,562196.2826334399,33.95392281081754,558.4491,1.4049494817061297,0.33465269245411244
136,136,560325.112472848,33.81651934620542,558.4491,1.4069008199373583,0.3366800014198327
137,137,558465.9348911917,33.68022347781498,558.4491,1.40884361758592,0.3386991899739632
138,138,556618.6404933478,33.5450218670655,558.4491,1.4107779479440046,0.34071030720829754
139,139,554783.1211116366,33.41090138869873,558.4491,1.4127038833421048,0.342713402028578
140,140,552959.2697909632,33.27784912653135,558.4491,1.4146214951664338,0.34470852314662953
141,141,551146.9807741028,33.14585236930844,558.4491,1.4165308538759307,0.3466957190729871
142,142,549314.0252171658,33.014898606655336,558.4277825208267,1.4184320290188686,0.34867503810999234
143,143,547451.1362862597,32.88497552512499,558.3787273604892,1.420324938585937,0.3506465283453382
144,144,545600.5544781854,32.75607100433835,558.3299067218421,1.4222094579702704,0.352610237649585
145,145,543762.1607398352,32.62817311321513,558.2813184616039,1.4240856624155933,0.3545662136760006
146,146,541935.8375131143,32.50127010629251,558.2329604649311,1.4259536261099635,0.3565145038529093
147,147,540121.4687121998,32.375350420129514,558.184830644929,1.4278134222063725,0.35845515537827227
148,148,538318.9397012009,32.25040266979454,558.1369269421707,1.4296651228428288,0.3603882152146513
149,149,536528.1372722107,32.12641564543395,558.0892473242283,1.431508799161937,0.3623137300845358
150,150,534748.9496237399,32.00337830891952,558.0417897852126,1.4333445213299916,0.3642317464660156
151,151,532981.2663395298,31.881279790572645,557.9945523453227,1.4351723585555962,0.3661423105887823
152,152,531224.9783677316,31.760109385963204,557.9475330504055,1.4369923791078276,0.36804546843044356
153,153,529479.9780004492,31.639856552781183,557.9007299715229,1.4388046503339524,0.3699412657131331
154,154,527746.1588536381,31.520510907779077,557.8541412045297,1.440609238676715,0.37182974790040413
155,155,526023.4158473485,31.402062223783247,557.8077648696589,1.4424062096912067,0.3737109601943898
156,156,524311.6451863147,31.28450042677241,557.7615991111159,1.4441956280613277,0.3755849475332192
157,157,522610.7443408763,31.1678155930215,557.7156420966811,1.4459775576158578,0.3774517545886747
158,158,520920.612028228,31.0519979463092,557.6698920173203,1.447752061344142,0.37931142576407995
159,159,519241.14819399215,30.93703785518753,557.624347086803,1.4495192014114064,0.3811640051924058
160,160,517572.2539941065,30.82292583031184,557.5790055413286,1.451279039173714,0.383009536734584
161,161,515913.8317770234,30.709652521829682,557.5338656391598,1.4530316351925685,0.38484806397801785
162,162,514265.78506621066,30.59720871682705,557.4889256602639,1.4547770492491798,0.38667963023527974
163,163,512628.0185429516,30.48558533683052,557.4441839059606,1.4565153403583988,0.3885042785429867
164,164,511000.4380294381,30.37477343536385,557.3996386985768,1.4582465667823303,0.3903220516608441
165,165,509382.9504721493,30.264764195557703,557.3552883811091,1.4599707860436348,0.39213299207084973
166,166,507775.4639255125,30.155548927811108,557.3111313168915,1.4616880549385267,0.39393714197664936
167,167,506177.88753584,30.047119067503356,557.2671658892715,1.4633984295494775,0.3957345433030364
168,168,504590.1315255361,29.939466172755136,557.2233905012905,1.4651019652576336,0.3975252376955883
169,169,503012.1071775715,29.832581922237566,557.179803575372,1.4667987167549539,0.3993092665204318
170,170,501443.7268202158,29.726458113028027,557.1364035530153,1.4684887380560776,0.4010866708641317
171,171,499884.90381202864,29.621086658511583,557.0931888944947,1.4701720825099276,0.40285749153369516
172,172,498335.5525270995,29.51645958632689,557.0501580785655,1.4718488028110581,0.4046217690566864
173,173,496795.5883405345,29.41256903635546,557.0073096021746,1.4735189510107525,0.40637954368144574
174,174,495264.9276141853,29.30940725875328,556.9646419801774,1.4751825785278787,0.40813085537740695
175,175,493743.48768261547,29.206966612023656,556.9221537450595,1.4768397361595078,0.4098757438355084
176,176,492231.1868392971,29.105239561130386,556.8798434466645,1.4784904740913039,0.411614248468692
177,177,490727.944323039,29.00421867565018,556.837709651926,1.480134841907688,0.4133464084124859
178,178,489233.6803046365,28.90389662796346,556.7957509446057,1.4817728886017871,0.41507226252566587
179,179,487748.3158737429,28.804266191482544,556.7539659250352,1.4834046625851678,0.4167918493909912
180,180,486271.7730259548,28.705320238916382,556.7123532098637,1.485030211697366,0.4185052073160104
181,181,484803.9746501116,28.60705174057091,556.6709114318103,1.4866495832152131,0.4202123743339337
182,182,483344.8445158007,28.509453762684203,556.6296392394199,1.4882628238619686,0.42191338820456764
183,183,481894.3072610683,28.41251946579559,556.5885352968252,1.4898699798162596,0.42360828641530834
184,184,480452.2883803298,28.31624210314794,556.5475982835117,1.4914710967208349,0.4252971061821902
185,185,479018.7142124771,28.2206150191223,556.5068268940879,1.4930662196911384,0.42697988445098656
186,186,477593.5119291784,28.125631647704164,556.4662198380595,1.494655393323705,0.4286566578983592
187,187,476176.6095233687,28.031285510980595,556.4257758396075,1.496238661704385,0.4303274629330536
188,188,474767.9357979238,27.93757021766751,556.3854936373705,1.4978160684163995,0.43199233569713696
189,189,473367.4203545212,27.844479461666396,556.3453719842313,1.4993876565482331,0.43365131206727714
190,190,471974.993582675,27.752007020649792,556.3054096471068,1.5009534687013668,0.43530442765605826
191,191,470590.5866489511,27.66014675467486,556.265605406742,1.5025135469978548,0.4369517178133321
192,192,469214.1314863531,27.56889260482439,556.2259580575077,1.5040679330877498,0.438593217627602
193,193,467845.560783878,27.47823859187466,556.1864664072019,1.5056166681563803,0.44022896192743727
194,194,466484.8079762395,27.38817881498942,556.1471292768547,1.5071597929314835,0.44185898528291584
195,195,465131.8072337543,27.298707450439544,556.1079455005363,1.5086973476901968,0.44348332200709356
196,196,463786.4934523883,27.209818750347665,556.0689139251691,1.5102293722659121,0.4451020061574973
197,197,462448.8022439621,27.12150704145725,556.0300334103428,1.5117559060549963,0.44671507153764095
198,198,461118.66992651,27.033766723925574,555.9913028281323,1.5132769880233798,0.4483225516985619
199,199,459796.0335147921,26.946592270140076,555.95272106292,1.5147926567130188,0.4499244799403765
200,200,458480.8307109555,26.859978223557484,555.9142870112197,1.5163029502482306,0.45152088931385304
201,201,457172.99989534233,26.77391919756531,555.8759995815049,1.5178079063419092,0.4531118126220004
202,202,455872.4801174413,26.688409874365135,555.8378576940393,1.519307562301621,0.4546972824216713
203,203,454579.2110869823,26.60344500387724,555.7998602807105,1.5208019550355836,0.45627733102517815
204,204,453293.1331651681,26.519019402666064,555.762006284867,1.5222911210585328,0.4578519905019211
205,205,452014.1873560444,26.435127952886102,555.7242946611567,1.5237750964974774,0.45942129268002607
206,206,450742.3152980029,26.35176560124771,555.68672437537,1.5252539170973467,0.4609852691479921
207,207,449477.4592554172,26.268927358002433,555.649294404284,1.5267276182265317,0.46254395125634673
208,208,448219.5621104065,26.186608295947412,555.6120037355105,1.528196234882323,0.46409737011930846
209,209,446968.5673547289,26.104803549448444,555.5748513673458,1.5296598016962484,0.46564555661645496
210,210,445724.4190817973,26.023508313481305,555.5378363086235,1.5311183529393106,0.4671885413943963
211,211,444487.0619788192,25.942717842690918,555.5009575785695,1.5325719225271304,0.46872635486845227
212,212,443256.4413190585,25.862427450468008,555.4642142066599,1.5340205440249937,0.4702590272243327
213,213,442032.5029542124,25.78263250804284,555.427605232481,1.5354642506528078,0.47178658841982013
214,214,440815.1933069078,25.703328443595684,555.3911297055913,1.536903075289967,0.47330906818645374
215,215,439604.45936331153,25.624510741383638,555.3547866853864,1.5383370504801301,0.4748264960312144
216,216,438400.2486658512,25.546174940883482,555.3185752409661,1.5397662084359125,0.4763389012382094
217,217,437202.5093060496,25.468316635950213,555.282494451003,1.5411905810434932,0.4778463128703563
218,218,436011.1899174643,25.390931473990875,555.2465434036144,1.5426101998671402,0.479348759771066
219,219,434826.2396687375,25.314015155153477,555.2107211962352,1.5440250961536557,0.4808462705659234
220,220,433647.6082567475,25.23756343153053,555.1750269354941,1.5454353008367407,0.4823388736643653
221,221,432475.2458998658,25.161572106377044,555.1394597370903,1.5468408445412851,0.48382659726135596
222,222,431309.1033313131,25.086037033342556,555.1040187256738,1.5482417575875804,0.4853094693390582
223,223,430149.13179261785,25.010954115716988,555.0687030347264,1.54963806999546,0.4867875176685009
224,224,428995.28302716935,24.93631930568998,555.0335118064453,1.5510298114883663,0.48826076981124167
225,225,427847.50927387,24.862128603623468,554.9984441916289,1.5524170114973481,0.4897292531210244
226,226,426705.76326087984,24.788378057337173,554.9634993495633,1.5537996991649883,0.49119299474543154
227,227,425569.998199456,24.71506376140683,554.9286764479119,1.5551779033492636,0.4926520216275306
228,228,424440.167777881,24.642181856474767,554.8939746626056,1.5565516526273393,0.49410636050751394
229,229,423316.22615548456,24.569728528572686,554.859393177736,1.557920975299298,0.49555603792433256
230,230,422198.1279567497,24.49770000845635,554.8249311854494,1.5592858993918053,0.4970010802173225
231,231,421085.8282655084,24.42609257095193,554.7905878858425,1.5606464526617134,0.49844151352782423
232,232,419979.28261922166,24.354902534313794,554.7563624868603,1.5620026625996042,0.4998773638007947
233,233,418878.4470033434,24.284126259593474,554.7222542041956,1.5633545564332714,0.5013086567864111
234,234,417783.2778457681,24.213760150019638,554.6882622611892,1.5647021611311462,0.5027354180416671
235,235,416693.7320113564,24.143800650388762,554.6543858887326,1.5660455034056648,0.5041576729319602
236,236,415609.7667965452,24.07424424646639,554.6206243251721,1.5673846097165798,0.5055754466326714
237,237,414531.3399240319,24.00508746439866,554.586976816214,1.5687195062742167,0.506988764130735
238,238,413458.409537538,23.936326870133993,554.5534426148314,1.5700502190426775,0.5083976502262009
239,239,412390.9341966486,23.86795906885465,554.5200209811728,1.5713767737429907,0.5098021295337861
240,240,411328.8728717257,23.79998070441804,554.4867111824718,1.5726991958562102,0.5112022264844187
241,241,410272.1849388952,23.732388458807513,554.4535124929582,1.5740175106264638,0.5125979653267709
242,242,409220.8301751061,23.665179051592514,554.4204241937706,1.5753317430639515,0.5139893701287835
243,243,408174.7687532608,23.59834923939787,554.3874455728702,1.576641917947896,0.5153764647791801
244,244,407133.9612374154,23.531895815382043,554.3545759249562,1.5779480598294453,0.5167592729889714
245,245,406098.3685780475,23.465815608724185,554.321814551382,1.579250193034528,0.5181378182929502
246,246,405067.9521073933,23.40010548411979,554.2891607600732,1.5805483416666644,0.5195121240511759
247,247,404042.6735348498,23.334762341284833,554.2566138654466,1.5818425296097316,0.5208822134504484
248,248,403022.49494244304,23.269783114468137,554.2241731883306,1.5831327805306845,0.5222481095057727
249,249,402007.37878036033,23.205164771971926,554.1918380558863,1.5844191178822347,0.5236098350618125
250,250,400997.2878625456,23.140904315680313,554.1596078015302,1.5857015649054862,0.5249674127943336
251,251,399992.18536235794,23.076998780595588,554.1274817648587,1.5869801446325305,0.526320865211637
252,252,398992.0348082894,23.013445234382196,554.0954592915718,1.5882548798889995,0.5276702146559814
253,253,397996.80007974495,22.950240776918225,554.0635397334005,1.589525793296581,0.5290154833049949
254,254,397006.4454028816,22.887382539854237,554.031722448033,1.590792907275493,0.5303566931730768
255,255,396020.9353465033,22.824867686179367,554.0000067990433,1.59205624404692,0.5316938661127877
256,256,395040.23481801775,22.762693409794498,553.9683921558208,1.5933158256354127,0.5330270238162305
257,257,394064.30905944447,22.70085693509237,553.9368778935002,1.5945716738712503,0.5343561878164188
258,258,393093.1236434824,22.63935551654456,553.9054633928932,1.595823810392765,0.5356813794886368
259,259,392126.6444696305,22.578186438295113,553.874148040421,1.5970722566486344,0.5370026200517863
260,260,391164.8377603619,22.517347013760787,553.8429312280471,1.598317033900135,0.5383199305697249
261,261,390207.6700573521,22.45683458523769,553.8118123532124,1.5995581632233642,0.5396333319525923
262,262,389255.1082177581,22.396646523514303,553.7807908187701,1.600795665511429,0.5409428449581264
263,263,388307.1194105496,22.336780227490653,553.7498660329222,1.602029561476599,0.5422484901929684
264,264,387363.6711128899,22.277233123803622,553.7190374091565,1.6032598716524293,0.5435502881139579
265,265,386424.7311065675,22.218002666458208,553.6883043661846,1.604486616395852,0.5448482590294166
266,266,385490.2674744755,22.159086336464654,553.6576663278815,1.605709815889234,0.5461424231004216
267,267,384560.2485971404,22.10048164148135,553.6271227232247,1.6069294901424072,0.5474328003420683
268,268,383634.64314929605,22.042186115463373,553.5966729862355,1.6081456589946659,0.5487194106247226
269,269,382713.4200965072,21.984197318316586,553.5663165559201,1.609358342116737,0.5500022736752624
270,270,381796.5486918362,21.92651283555715,553.5360528762126,1.6105675590127198,0.5512814090783087
271,271,380883.9984725568,21.869130277976456,553.5058813959178,1.6117733290219975,0.5525568362774461
272,272,379975.7392569108,21.812047281311205,553.4758015686552,1.612975671321122,0.5538285745764333
273,273,379071.7411409105,21.755261505918725,553.4458128528044,1.6141746049256689,0.5550966431404025
274,274,378171.9744951821,21.69877063645731,553.4159147114499,1.6153701486920677,0.556361060997049
275,275,377276.4099618527,21.642572381571522,553.3861066123283,1.6165623213194047,0.5576218470378098
276,276,376385.01845147926,21.58666447358239,553.3563880277748,1.6177511413511996,0.5588790200190332
277,277,375497.7711400179,21.531044668182375,553.3267584346712,1.6189366271771573,0.5601325985631366
278,278,374614.6394658346,21.47571074413508,553.297217314395,1.6201187970348934,0.5613826011597551
279,279,373735.5951267546,21.420660502979505,553.267764152768,1.621297669011637,0.56262904616688
280,280,372860.6100771523,21.365891768738933,553.2383984400069,1.6224732610459067,0.5638719518119868
281,281,371989.65652507904,21.311402387634185,553.2091196706735,1.6236455909291652,0.5651113361931532
282,282,371122.70692942943,21.257190227801313,553.1799273436268,1.6248146763074485,0.5663472172801677
283,283,370259.73399714456,21.203253179013547,553.1508209619741,1.6259805346829743,0.5675796129156276
284,284,369400.7106804527,21.149589152407493,553.1218000330247,1.6271431834157255,0.5688085408160277
285,285,368545.61017414654,21.096196080213478,553.0928640682426,1.6283026397250127,0.570034018572839
286,286,367694.4059128951,21.04307191548994,553.064012583201,1.6294589206910153,0.5712560636535773
287,287,366847.07156859245,20.99021463186186,553.0352450975365,1.6306120432563003,0.5724746934028633
288,288,366003.58104774,20.937622223263098,553.0065611349047,1.6317620242273199,0.5736899250434716
289,289,365163.90848886326,20.8852927036826,552.9779602229358,1.632908880275889,0.5749017756773714
290,290,364328.0282599633,20.833224106914418,552.9494418931914,1.6340526279406429,0.5761102622867572
291,291,363495.9149559991,20.781414486311427,552.9210056811211,1.6351932836284722,0.57731540173507
292,292,362667.5433964055,20.729861914542738,552.8926511260205,1.6363308636159417,0.5785172107680094
293,293,361842.8886226412,20.6785644833547,552.8643777709893,1.6374653840506879,0.5797157060145368
294,294,361021.9258957692,20.62752030333545,552.8361851628902,1.6385968609527966,0.5809109039878683
295,295,360204.6306940686,20.576727503682914,552.8080728523076,1.6397253102161642,0.5821028210864597
296,296,359390.9787106773,20.52618423197627,552.7800403935084,1.6408507476098384,0.5832914735949819
297,297,358580.9458512644,20.475888653950737,552.7520873444016,1.6419731887793418,0.5844768776852871
298,298,357774.5082317332,20.425838953275683,552.7242132664996,1.6430926492479783,0.5856590494173666
299,299,356971.64217595337,20.376033331335968,552.6964177248798,1.6442091444181197,0.5868380047402991
300,300,356172.32421352173,20.326470007016503,552.6687002881458,1.6453226895724782,0.5880137594931912
301,301,355376.5310775525,20.277147216489904,552.6410605283908,1.6464332998753588,0.589186329406108
302,302,354584.23970249505,20.228063213007278,552.6134980211597,1.6475409903738978,0.5903557301009962
303,303,353795.4272219792,20.179216266691995,552.5860123454131,1.6486457759992827,0.5915219770925975
304,304,353010.07096668857,20.130604664336474,552.5586030834911,1.6497476715679575,0.5926850857893545
305,305,352228.1484622605,20.082226709201887,552.5312698210773,1.6508466917828108,0.5938450714943081
306,306,351449.6374272124,20.034080720820743,552.5040121471642,1.65194285123435,0.5950019494059855
307,307,350674.5157708941,19.986165034802305,552.4768296540179,1.6530361644018576,0.5961557346192811
308,308,349902.7615914673,19.938478002640792,552.4497219371444,1.6541266456545354,0.5973064421263284
309,309,349134.3531739079,19.891017991526333,552.4226885952553,1.6552143092526312,0.5984540868173648
310,310,348369.26898803643,19.843783384158595,552.3957292302348,1.6562991693485523,0.5995986834815866
311,311,347607.4876865701,19.79677257856306,552.3688434471065,1.6573812399879642,0.6007402468079979
312,312,346848.98810320214,19.749983987909946,552.3420308540012,1.658460535110875,0.60187879138625
313,313,346093.74925070227,19.70341604033562,552.3152910621242,1.6595370685527058,0.6030143317074741
314,314,345341.7503190433,19.657067178766617,552.288623685724,1.6606108540453477,0.6041468821651055
315,315,344592.970673549,19.610935860746043,552.2620283420612,1.661681905218205,0.6052764570557003
316,316,343847.3898530666,19.565020558262507,552.2355046513771,1.662750235599225,0.6064030705797446
317,317,343104.9875681605,19.519319757581385,552.2090522368636,1.6638158586159146,0.6075267368424557
318,318,342365.7436993291,19.473831959078478,552.1826707246328,1.6648787875963447,0.6086474698545762
319,319,341629.6382952438,19.42855567707597,552.1563597436873,1.665939035770141,0.6097652835331603
320,320,340896.65157100843,19.38348943968069,552.130118925891,1.6669966162694623,0.6108801917023532
321,321,340166.7639064423,19.338631788624603,552.10394790594,1.6680515421299678,0.6119922080941627
322,322,339439.95584438153,19.293981279107513,552.0778463213339,1.6691038262917701,0.6131013463492236
323,323,338716.2080890033,19.249536479641947,552.0518138123477,1.6701534816003787,0.6142076200175556
324,324,337995.5015041695,19.205295971900174,552.0258500220035,1.671200520807629,0.6153110425593128
325,325,337277.8171117912,19.161258350563333,551.9999545960433,1.6722449565726027,0.6164116273455275
326,326,336563.13609021273,19.117422223172618,551.9741271829015,1.6732868014625342,0.6175093876588459
327,327,335851.43977261503,19.073786209982522,551.9483674336782,1.6743260679537069,0.6186043366942582
328,328,335142.7096454386,19.030348943816062,551.9226750021126,1.6753627684323387,0.6196964875598201
329,329,334436.9273468262,18.98710906992201,551.8970495445565,1.6763969151954563,0.6207858532773691
330,330,333734.0746650831,18.944065245834025,551.8714907199486,1.6774285204517585,0.6218724467832333
331,331,333034.1335371573,18.90121614123174,551.8459981897892,1.678457596322469,0.6229562809289335
332,332,332337.08604713634,18.858560437803682,551.8205716181141,1.6794841548421793,0.6240373684818794
333,333,331642.91442476364,18.816096829112105,551.7952106714703,1.6805082079596803,0.625115722126058
334,334,330951.6010439723,18.773824020459582,551.7699150188911,1.681529767538785,0.626191354462717
335,335,330263.1284214358,18.73174072875743,551.7446843318718,1.6825488453591408,0.6272642780110407
336,336,329577.47921513644,18.689845682395898,551.7195182843454,1.6835654531170308,0.62833450520882
337,337,328894.63622295106,18.648137621116064,551.6944165526592,1.6845796024261674,0.6294020484131162
338,338,328214.5823812529,18.606615295883497,551.6693788155507,1.6855913048184754,0.6304669199009184
339,339,327537.30076353106,18.565277468763536,551.6444047541248,1.6866005717448649,0.6315291318697946
340,340,326862.7745790256,18.524122912798298,551.6194940518311,1.687607414575997,0.6325886964385372
341,341,326190.98717137845,18.48315041188525,551.5946463944406,1.688611844603038,0.6336456256478018
342,342,325521.9220173013,18.442358760657452,551.5698614700235,1.6896138730384067,0.6346999314607406
343,343,324855.5627252584,18.401746764365328,551.5451389689276,1.6906135110165113,0.6357516257636294
344,344,324191.89303416543,18.361313238760033,551.5204785837557,1.691610769594478,0.6368007203664894
345,345,323530.89681210247,18.321057009978343,551.4958800093442,1.692605659752872,0.637847227003702
346,346,322872.55805504374,18.280976914429047,551.4713429427421,1.6935981923964085,0.6388911573346195
347,347,322216.860885601,18.24107179868084,551.4468670831897,1.6945883783546563,0.6399325229441685
348,348,321563.78955178184,18.201340519351668,551.4224521320972,1.6955762283827325,0.6409713353434486
349,349,320913.328425763,18.16178194299954,551.3980977930252,1.6965617531619903,0.6420076059703255
350,350,320265.46200267697,18.122394946014722,551.3738037716632,1.697544963300697,0.6430413461900178
351,351,319620.1748994134,18.08317841451337,551.3495697758103,1.6985258693347054,0.6440725672956799
352,352,318977.451853435,18.04413124423251,551.325395515355,1.6995044817281175,0.645101280508977
353,353,318337.2777216051,18.005252340426406,551.3012807022553,1.7004808108739395,0.6461274969806575
354,354,317699.63747903093,17.966540617764238,551.2772250505197,1.7014548670947303,0.6471512277911182
355,355,317064.5162179192,17.927995000229107,551.2532282761878,1.7024266606432414,0.6481724839509649
356,356,316431.89914644486,17.88961442101834,551.2292900973112,1.7033962017030513,0.6491912764015677
357,357,315801.77158763295,17.851397822445076,551.2054102339348,1.70436350038919,0.6502076160156111
358,358,315174.1189782536,17.813344155841094,551.1815884080786,1.705328566748759,0.6512215135976391
359,359,314548.9268677292,17.77545238146091,551.1578243437189,1.7062914107615426,0.6522329798845957
360,360,313926.1809170541,17.737721468387054,551.1341177667701,1.7072520423406123,0.6532420255463589
361,361,313305.86689772696,17.700150394436598,551.1104684050675,1.7082104713329256,0.6542486611862717
362,362,312687.97069069487,17.662738146068836,551.0868759883488,1.7091667075199166,0.6552528973416666
363,363,312072.47828531027,17.62548371829414,551.0633402482368,1.7101207606180808,0.6562547444843863
364,364,311459.37577829824,17.588386114583983,551.0398609182225,1.7110726402795526,0.6572542130212988
365,365,310848.64937273704,17.551444346782056,551.0164377336475,1.7120223560926773,0.6582513132948089
366,366,310240.2853770492,17.51465743501656,550.9930704316873,1.7129699175825754,0.6592460555833631
367,367,309634.270204004,17.47802440761355,550.9697587513346,1.7139153342117024,0.660238450101952
368,368,309030.59036973224,17.44154430101139,550.9465024333825,1.7148586153804004,0.6612285070026064
369,369,308429.2324927503,17.405216159676257,550.9233012204086,1.7157997704274448,0.6622162363748897
370,370,307830.18329299707,17.369039036018734,550.9001548567583,1.7167388086305844,0.6632016482463856
371,371,307233.42959087994,17.333011990311388,550.8770630885292,1.7176757392070758,0.6641847525831812
372,372,306638.9583063332,17.297134090607432,550.8540256635551,1.718610571314212,0.6651655592903457
373,373,306046.75645788497,17.261404412660344,550.8310423313907,1.7195433140498446,0.666144078212405
374,374,305456.8111617365,17.225822039844505,550.8081128432955,1.7204739764529011,0.6671203191338113
375,375,304869.1096308504,17.190386063076826,550.785236952219,1.7214025675038958,0.6680942917794093
376,376,304283.6391740492,17.155095580739307,550.7624144127856,1.7223290961254352,0.6690660058148972
377,377,303700.38719512435,17.119949698602575,550.7396449812793,1.7232535711827184,0.6700354708472842
378,378,303119.3411919551,17.084947529750366,550.7169284156294,1.7241760014840317,0.6710026964253437
379,379,302540.48875563603,17.0500881945049,550.6942644753952,1.725096395781238,0.6719676920400618
380,380,301963.8175696157,17.015370820353194,550.6716529217524,1.7260147627702598,0.6729304671250825
381,381,301389.31540884427,16.980794541874264,550.649093517478,1.7269311110915593,0.6738910310571485
382,382,300816.9701389293,16.94635850066722,550.6265860269367,1.7278454493306108,0.6748493931565379
383,383,300246.7697153027,16.912061845280217,550.6041302160666,1.72875778601837,0.6758055626874969
384,384,299678.7021823956,16.877903731140286,550.5817258523653,1.729668129631737,0.6767595488586691
385,385,299112.7556728228,16.843883320484014,550.5593727048765,1.730576488594015,0.67771136082352
386,386,298548.91840657534,16.80999978228903,550.5370705441766,1.731482871275363,0.6786610076807588
387,387,297987.1786902231,16.77625229220636,550.5148191423605,1.7323872859932459,0.679608498474755
388,388,297427.52491612465,16.742640032493572,550.4926182730293,1.7332897410128778,0.6805538421959527
389,389,296869.945561647,16.709162191948703,550.4704677112766,1.7341902445476611,0.6814970477812802
390,390,296314.42918839306,16.675817965845038,550.4483672336756,1.7350888047596211,0.6824381241145558
391,391,295760.9644414373,16.64260655586659,550.4263166182667,1.7359854297598365,0.683377080026891
392,392,295209.54004857014,16.609527170044416,550.4043156445442,1.7368801276088641,0.6843139242970888
393,393,294660.14481955057,16.576579022693657,550.3823640934442,1.7377729063171605,0.6852486656520395
394,394,294112.7676453664,16.543761334351323,550.3604617473318,1.7386637738454984,0.6861813127671117
395,395,293567.39749750245,16.511073331714847,550.3386083899894,1.7395527381053786,0.6871118742665414
396,396,293024.0234272166,16.478514247581316,550.316803806604,1.7404398069594382,0.6880403587238164
397,397,292482.63456482475,16.446083320787476,550.2950477837552,1.7413249882218542,0.6889667746620574
398,398,291943.22011899075,16.413779796150397,550.2733401094036,1.742208289658743,0.689891130554396
399,399,291405.76937602746,16.38160292440887,550.251680572879,1.7430897189885555,0.6908134348243496
400,400,290870.271699202,16.349551962165464,550.2300689648683,1.7439692838824687,0.6917336958461924
401,401,290336.71652805,16.317626171829275,550.2085050774048,1.7448469919647727,0.6926519219453228
402,402,289805.09337769775,16.28582482155936,550.1869887038557,1.7457228508132532,0.6935681213986288
403,403,289275.3918381895,16.2541471852088,550.165519638912,1.7465968679595723,0.6944823024348488
404,404,288747.6015738239,16.222592542269442,550.1440976785763,1.7474690508896422,0.6953944732349299
405,405,288221.71232249617,16.19116017781725,550.1227226201524,1.7483394070439982,0.6963046419323831
406,406,287697.7138950479,16.159849382458344,550.1013942622343,1.749207943818165,0.6972128166136349
407,407,287175.5961746233,16.128659452275603,550.0801124046948,1.7500746685630215,0.698119005318376
408,408,286655.3491160322,16.097589688775926,550.0588768486756,1.750939588585161,0.6990232160399072
409,409,286136.96274512063,16.066639398838095,550.0376873965763,1.751802711147248,0.6999254567254819
410,410,285620.4271581464,16.03580789466122,550.0165438520438,1.7526640434683705,0.7008257352766453
411,411,285105.73252116214,16.0050944937138,549.9954460199621,1.7535235927243897,0.7017240595495714
412,412,284592.86906940525,15.974498518683333,549.974393706442,1.7543813660482868,0.7026204373553966
413,413,284081.8271066935,15.944019297426571,549.953386718811,1.7552373705305035,0.7035148764605501
414,414,283572.5970048268,15.913656162920256,549.932424865603,1.7560916132192832,0.7044073845870819
415,415,283065.1692029955,15.883408453212489,549.9115079565487,1.756944101121005,0.7052979694129876
416,416,282559.5342071952,15.853275511374607,549.8906358025653,1.7577948412005162,0.7061866385725307
417,417,282055.6825896469,15.823256685453638,549.8698082157471,1.758643840381462,0.7070733996565615
418,418,281553.60498822323,15.79335132842527,549.8490250093557,1.75949110554661,0.7079582602128335
419,419,281053.2921058815,15.763558798147377,549.8282859978106,1.760336643538174,0.7088412277463176
420,420,280554.73471010133,15.733878457314045,549.8075909966791,1.7611804611581314,0.7097223097195128
421,421,280057.92363232875,15.704309673410135,549.786939822668,1.762022565168541,0.710601513552754
422,422,279562.8497674264,15.674851818666347,549.7663322936136,1.7628629622918548,0.7114788466245183
423,423,279069.50407312816,15.645504270014799,549.7457682284723,1.763701659211228,0.7123543162717274
424,424,278577.8775695008,15.616266409045087,549.7252474473124,1.7645386625708264,0.7132279297900481
425,425,278087.9613384097,15.587137621960858,549.7047697713043,1.7653739789761296,0.7140996944341899
426,426,277599.7465229911,15.558117299536852,549.6843350227118,1.7662076149942316,0.7149696174182001
427,427,277113.2243271299,15.529204837076428,549.6639430248837,1.7670395771541396,0.7158377059157565
428,428,276628.386014941,15.500399634369568,549.6435936022442,1.7678698719470682,0.7167039670604572
429,429,276145.2229102581,15.471701095651335,549.6232865802854,1.7686985058267315,0.7175684079461085
430,430,275663.7263961267,15.44310862956081,549.6030217855576,1.7695254852096327,0.7184310356270094
431,431,275183.88791430165,15.414621649100459,549.5827990456618,1.7703508164753503,0.7192918571182344
432,432,274705.698964751,15.38623957159598,549.5626181892404,1.7711745059668218,0.7201508793959142
433,433,274229.15110516374,15.357961818656554,549.5424790459699,1.7719965599906249,0.7210081093975126
434,434,273754.2359504634,15.329787816135578,549.5223814465518,1.7728169848172555,0.7218635540221027
435,435,273280.9451723257,15.30171699409179,549.5023252227047,1.7736357866814032,0.7227172201306391
436,436,272809.2704987019,15.273748786750842,549.4823102071567,1.7744529717822242,0.7235691145462294
437,437,272339.20371334633,15.245882632467291,549.462336233637,1.775268546283612,0.7244192440544022
438,438,271870.73665534874,15.218117973686999,549.4424031368676,1.7760825163144647,0.7252676154033728
439,439,271403.86121867126,15.190454256909947,549.4225107525565,1.7768948879689503,0.7261142353043079
440,440,270938.5693516906,15.162890932653458,549.4026589173891,1.7777056673067695,0.7269591104315865
441,441,270474.85305674386,15.135427455415808,549.3828474690208,1.778514860353415,0.7278022474230593
442,442,270012.7043896794,15.108063283640247,549.3630762460696,1.7793224731004311,0.7286436528803064
443,443,269552.11545941245,15.080797879679396,549.343345088108,1.7801285115056666,0.7294833333688917
444,444,269093.0784274841,15.053630709760037,549.3236538356563,1.7809329814935295,0.7303212954186159
445,445,268635.58550762624,15.026561243948281,549.3040023301747,1.7817358889552362,0.7311575455237672
446,446,268179.62896532856,14.999588956115108,549.2843904140561,1.7825372397490602,0.7319920901433699
447,447,267725.20111741254,14.97271332390228,549.264817930619,1.783337039700578,0.7328249357014307
448,448,267272.2943316073,14.945933828688624,549.2452847240999,1.7841352946029123,0.7336560885871835
449,449,266820.901026131,14.919249955556666,549.2257906396469,1.784932010216973,0.7344855551553312
450,450,266371.01366927545,14.892661193259634,549.2063355233122,1.7857271922716966,0.7353133417262864
451,451,265922.6247789957,14.866167034188802,549.186919222045,1.7865208464642826,0.7361394545864094
452,452,265475.7269225029,14.83976697434119,549.1675415836852,1.787312978460428,0.7369638999882447
453,453,265030.3127158617,14.813460513287602,549.1482024569557,1.78810359389456,0.7377866841507553
454,454,264586.3748235908,14.787247154141005,549.1289016914565,1.7888926983700655,0.7386078132595548
455,455,264143.9059582687,14.761126403525251,549.1096391376575,1.78968029745952,0.7394272934671381
456,456,263702.89888014126,14.735097771544114,549.0904146468919,1.790466396704913,0.7402451308931097
457,457,263263.3463967357,14.709160771750666,549.0712280713498,1.7912510016178722,0.7410613316244106
458,458,262825.2413624759,14.683314921116976,549.0520792640715,1.7920341176798846,0.7418759017155424
459,459,262388.5766783027,14.657559740004123,549.0329680789412,1.7928157503425175,0.7426888471887907
460,460,261953.3452912978,14.63189475213252,549.0138943706803,1.793595905027635,0.7435001740344458
461,461,261519.54019431095,14.606319484552564,548.9948579948416,1.794374587127615,0.7443098882110218
462,462,261087.15442559088,14.580833467615578,548.9758588078025,1.7951518020055621,0.7451179956454744
463,463,260656.18106842,14.555436234945066,548.9568966667592,1.7959275549955198,0.7459245022334159
464,464,260226.61325075204,14.53012732340826,548.9379714297202,1.7967018514026805,0.746729413839329
465,465,259798.4441448538,14.504906273087977,548.9190829555001,1.7974746965035933,0.7475327362967792
466,466,259371.66696695,14.479772627254748,548.9002311037144,1.7982460955463708,0.7483344754086247
467,467,258946.27497687133,14.454725932339258,548.8814157347724,1.7990160537508926,0.7491346369472254
468,468,258522.26147770655,14.429765737905058,548.8626367098719,1.7997845763090083,0.7499332266546488
469,469,258099.6198154572,14.404891596621558,548.8438938909933,1.800551668384738,0.750730250242876
470,470,257678.34337869557,14.380103064237316,548.8251871408936,1.801317335114471,0.7515257133940048
471,471,257258.4255982268,14.35539969955357,548.8065163231007,1.8020815816071627,0.7523196217604514
472,472,256839.85994675325,14.330781064398087,548.7878813019079,1.8028444129445307,0.7531119809651509
473,473,256422.63993854236,14.306246723599232,548.7692819423676,1.8036058341812478,0.7539027966017551
474,474,256006.7591290978,14.281796244960342,548.7507181102865,1.8043658503451334,0.7546920742348301
475,475,255592.2111148334,14.257429199234343,548.7321896722194,1.8051244664373445,0.755479819400051
476,476,255178.9895327508,14.23314516009863,548.7136964954642,1.8058816874325632,0.7562660376043961
477,477,254767.0880601191,14.208943704130203,548.695238448056,1.8066375182791845,0.7570507343263386
478,478,254356.50041415868,14.184824410781056,548.6768153987618,1.8073919638995006,0.7578339150160373
479,479,253947.22035172695,14.160786862353826,548.6584272170755,1.8081450291898848,0.7586155850955255
480,480,253539.24166900784,14.136830643977662,548.6400737732121,1.808896719020973,0.7593957499588989
481,481,253132.55820120388,14.11295534358438,548.6217549381026,1.8096470382378442,0.7601744149725012
482,482,252727.16382223077,14.089160551884818,548.603470583389,1.8103959916601993,0.7609515854751083
483,483,252323.05244441563,14.065445862345458,548.5852205814189,1.8111435840825378,0.761727266778112
484,484,251920.2180181973,14.041810871165266,548.5670048052402,1.811889820274334,0.7625014641657009
485,485,251518.65453183008,14.01825517725278,548.5488231285967,1.8126347049802105,0.7632741828950408
486,486,251118.35601108937,13.994778382203418,548.5306754259223,1.8133782429201104,0.764045428196453
487,487,250719.31651898116,13.971380090277014,548.5125615723363,1.8141204387894694,0.764815205273592
488,488,250321.53015545275,13.948059908375587,548.4944814436386,1.814861297259384,0.7655835193036207
489,489,249924.9910571081,13.924817446021324,548.4764349163049,1.815600822976781,0.7663503754373847
490,490,249529.6933969238,13.90165231533478,548.4584218674814,1.8163390205645829,0.767115778799586
491,491,249135.63138396895,13.878564131013318,548.4404421749804,1.8170758946218732,0.7678797344889539
492,492,248742.7992631272,13.855552510309721,548.4224957172751,1.8178114497240612,0.7686422475784153
493,493,248351.1913148212,13.832617073011066,548.4045823734954,1.818545690423043,0.7694033231152638
494,494,247960.80185473996,13.80975744141777,548.3867020234229,1.819278621247363,0.7701629661213273
495,495,247571.62523356825,13.786973240322855,548.3688545474864,1.8200102467023735,0.7709211815931336
496,496,247183.65583671923,13.764264096991429,548.3510398267571,1.820740571270393,0.7716779745020759
497,497,246796.8880840684,13.741629641140356,548.3332577429442,1.8214695994108627,0.772433349794576
498,498,246411.31642969084,13.719069504918126,548.3155081783904,1.8221973355605021,0.7731873123922469
499,499,246026.9353616009,13.696583322884933,548.2977910160672,1.8229237841334631,0.7739398671920534
500,500,245643.7394014932,13.674170731992941,548.2801061395709,1.8236489495214834,0.7746910190664723
501,501,245261.72310448755,13.65183137156674,548.2624534331176,1.8243728360940372,0.7754407728636502
502,502,244880.88105887515,13.629564883284012,548.2448327815393,1.825095448198486,0.7761891334075615
503,503,244501.2078858668,13.607370911156355,548.2272440702797,1.8258167901602278,0.7769361054981637
504,504,244122.69823934467,13.585249101510328,548.209687185389,1.8265368662828443,0.777681693911553
505,505,243745.3468056148,13.563199102968651,548.192162013521,1.8272556808482479,0.7784259034001166
506,506,243369.1483031632,13.541220566431612,548.1746684419278,1.8279732381168263,0.7791687386926864
507,507,242994.09748241308,13.519313145058632,548.1572063584559,1.8286895423275875,0.7799102044946893
508,508,242620.18912548485,13.497476494250032,548.1397756515424,1.8294045976983018,0.7806503054882974
509,509,242247.41804595824,13.475710271628952,548.1223762102106,1.8301184084256439,0.781389046332577
510,510,241875.77908863616,13.454014137023465,548.1050079240661,1.8308309786853334,0.782126431663636
511,511,241505.2671293113,13.43238775244886,548.0876706832922,1.8315423126322739,0.7828624660947707
512,512,241135.8770745339,13.41083078209008,548.0703643786469,1.8322524144006906,0.7835971542166108
513,513,240767.603861383,13.389342892284347,548.0530889014581,1.832961288104269,0.7843305005972638
514,514,240400.44245723792,13.367923751503941,548.0358441436199,1.8336689378362885,0.7850625097824584
515,515,240034.3878595536,13.346573030339162,548.018629997589,1.834375367669759,0.7857931862956862
516,516,239669.4350956364,13.325290401481428,548.0014463563804,1.8350805816575533,0.7865225346383425
517,517,239305.57922242308,13.30407553970656,547.9842931135638,1.8357845838325404,0.7872505592898669
518,518,238942.81532626084,13.282928121858209,547.9671701632598,1.8364873782077162,0.787977264707881
519,519,238581.1385226898,13.261847826831454,547.9500774001359,1.8371889687763345,0.7887026553283268
520,520,238220.54395622757,13.240834335556546,547.9330147194033,1.8378893595120358,0.7894267355656034
521,521,237861.0268001549,13.219887330982806,547.9159820168127,1.8385885543689757,0.7901495098127019
522,522,237502.58225630427,13.199006498062685,547.8989791886505,1.8392865572819521,0.7908709824413409
523,523,237145.20555484956,13.17819152373597,547.8820061317359,1.839983372166531,0.7915911578020992
524,524,236788.8919540977,13.157442096914131,547.8650627434165,1.8406790029191724,0.7923100402245488
525,525,236433.6367402827,13.136757908464835,547.8481489215652,1.8413734534173531,0.793027634017386
526,526,236079.4352273608,13.116138651196579,547.8312645645765,1.842066727519691,0.7937439434685623
527,527,235726.28275680772,13.095584019843493,547.814409571363,1.842758829066066,0.7944589728454137
528,528,235374.1746974176,13.075093711050275,547.7975838413516,1.8434497618777423,0.7951727263947891
529,529,235023.1064451036,13.05466742335726,547.7807872744808,1.8441395297574876,0.7958852083431781
530,530,234673.0734227009,13.034304857185647,547.7640197711963,1.8448281364896926,0.7965964228968374
531,531,234324.07107977025,13.014005714822838,547.7472812324487,1.845515585840489,0.7973063742419163
532,532,233976.09489240425,12.993769700407945,547.7305715596889,1.8462018815578667,0.7980150665445817
533,533,233629.14036303468,12.973596519917402,547.7138906548656,1.8468870273717903,0.7987225039511412
534,534,233283.20302024204,12.953485881150737,547.6972384204219,1.8475710269943142,0.7994286905881668
535,535,232938.2784185662,12.933437493716454,547.6806147592915,1.848253884119697,0.8001336305626159
536,536,232594.3621383189,12.91345106901806,547.6640195748962,1.848935602424515,0.8008373279619526
537,537,232251.449785398,12.893526320240216,547.647452771142,1.8496161855677753,0.8015397868542679
538,538,231909.5369911033,12.87366296233502,547.6309142524161,1.8502956371910266,0.8022410112883984
539,539,231568.61941195367,12.853860712008407,547.6144039235841,1.850973960918471,0.8029410052940451
540,540,231228.69272950603,12.834119287706686,547.5979216899859,1.851651160357073,0.8036397728818901
541,541,230889.75265017577,12.8144384096032,547.5814674574337,1.8523272390966687,0.8043373180437138
542,542,230551.7949050588,12.794817799585095,547.5650411322081,1.853002200710075,0.8050336447525097
543,543,230214.81524975493,12.775257181240223,547.5486426210553,1.8536760487531958,0.8057287569625998
544,544,229878.8094641931,12.755756279844164,547.532271831184,1.8543487867651287,0.8064226586097484
545,545,229543.7733524576,12.736314822347364,547.5159286702624,1.855020418268271,0.8071153536112746
546,546,229209.7027426164,12.716932537362393,547.4996130464152,1.8556909467684242,0.8078068458661652
547,547,228876.5934865502,12.697609155151307,547.4833248682205,1.8563603757548983,0.8084971392551857
548,548,228544.44145978364,12.678344407613148,547.4670640447071,1.857028708700615,0.8091862376409908
549,549,228213.24256131743,12.659138028271535,547.4508304853512,1.8576959490622094,0.8098741448682345
550,550,227882.9927134624,12.639989752262384,547.4346241000738,1.8583621002801325,0.8105608647636784
551,551,227553.68786167423,12.62089931632173,547.4184447992378,1.8590271657787512,0.8112464011363004
552,552,227225.3239743903,12.601866458773658,547.4022924936447,1.8596911489664487,0.8119307577774016
553,553,226897.89704286735,12.582890919518352,547.3861670945324,1.860354053235724,0.8126139384607133
554,554,226571.4030810214,12.563972440020246,547.3700685135719,1.8610158819632894,0.813295946942502
555,555,226245.83812526744,12.545110763296279,547.3539966628649,1.8616766385101693,0.8139767869616751
556,556,225921.1982343622,12.526305633904261,547.3379514549405,1.8623363262217962,0.8146564622398846
557,557,225597.4794892471,12.507556797931347,547.3219328027528,1.8629949484281074,0.815334976481631
558,558,225274.6779928931,12.488864002982595,547.3059406196785,1.8636525084436404,0.8160123333743654
559,559,224952.78987014625,12.470226998169656,547.2899748195133,1.8643090095676276,0.8166885365885918
560,560,224631.81126757505,12.451645534099535,547.27403531647,1.8649644550840898,0.8173635897779681
561,561,224311.73835331947,12.433119362863481,547.2581220251755,1.8656188482619303,0.8180374965794068
562,562,223992.56731693976,12.414648238025947,547.2422348606682,1.8662721923550265,0.8187102606131745
563,563,223674.29436926817,12.39623191461368,547.2263737383955,1.8669244906023226,0.8193818854829908
564,564,223356.9157422608,12.37787014910487,547.2105385742111,1.86757574622792,0.8200523747761268
565,565,223040.4276888513,12.359562699418438,547.1947292843722,1.8682259624411683,0.8207217320635024
566,566,222724.82648280537,12.34130932490338,547.1789457855374,1.8688751424367547,0.8213899608997833
567,567,222410.10841857677,12.323109786328232,547.1631879947637,1.8695232893947928,0.8220570648234773
568,568,222096.2698111641,12.304963845870613,547.1474558295043,1.8701704064809117,0.8227230473570294
569,569,221783.30699596976,12.286871267106877,547.131749207606,1.8708164968463434,0.8233879120069167
570,570,221471.21632865837,12.268831815001827,547.1160680473067,1.8714615636280094,0.8240516622637427
571,571,221159.9941850181,12.250845255898549,547.100412267233,1.8721056099486078,0.8247143016023303
572,572,220849.6369608222,12.232911357508327,547.0847817863975,1.8727486389166983,0.8253758334818148
573,573,220540.1410716916,12.215029888900633,547.0691765241967,1.8733906536267884,0.8260362613457358
574,574,220231.50295295933,12.19720062049322,547.0535964004084,1.8740316571594162,0.8266955886221291
575,575,219923.7190595353,12.179423324042299,547.0380413351897,1.874671652581236,0.8273538187236166
576,576,219616.7858657725,12.161697772632794,547.022511249074,1.8753106429450999,0.828010955047497
577,577,219310.6998653342,12.14402374066869,547.0070060629689,1.8759486312901414,0.8286670009758352
578,578,219005.45757106305,12.126401003863464,546.9915256981542,1.8765856206418574,0.8293219598755509
579,579,218701.05551484937,12.10882933923059,546.9760700762793,1.8772216140121887,0.8299758350985069
580,580,218397.4902475026,12.091308525074147,546.9606391193606,1.8778566143996014,0.8306286299815967
581,581,218094.7583386224,12.073838340979483,546.9452327497801,1.8784906247891666,0.8312803478468314
582,582,217792.85637647135,12.056418567803975,546.9298508902821,1.8791236481526403,0.831930992001426
583,583,217491.78096784855,12.039048987667872,546.9144934639716,1.8797556874485424,0.832580565737885
584,584,217191.5287379644,12.021729383945205,546.8991603943119,1.8803867456222343,0.8332290723340877
585,585,216892.09633031616,12.00445954125478,546.8838516051228,1.8810168256059978,0.8338765150533727
586,586,216593.48040656451,11.987239245451258,546.8685670205774,1.8816459303191115,0.8345228971446215
587,587,216295.6776464117,11.970068283616298,546.8533065652009,1.8822740626679275,0.835168221842342
588,588,215998.68474747927,11.952946444049777,546.8380701638681,1.8829012255459476,0.8358124923667513
589,589,215702.49842518888,11.935873516261102,546.8228577418012,1.883527421833899,0.8364557119238578
590,590,215407.11541264172,11.918849290960571,546.8076692245676,1.884152654399809,0.8370978837055426
591,591,215112.53246050095,11.90187356005083,546.792504538078,1.8847769260990794,0.8377390108896408
592,592,214818.74633687385,11.884946116618394,546.7773636085843,1.8854002397745606,0.8383790966400213
593,593,214525.75382719503,11.868066754925232,546.7622463626775,1.8860225982566245,0.8390181441066674
594,594,214233.5517341112,11.85123527040044,546.7471527272853,1.8866440043632375,0.8396561564257558
595,595,213942.13687736625,11.834451459631975,546.7320826296706,1.887264460900033,0.8402931367197349
596,596,213651.5060936875,11.817715120358454,546.717035997429,1.887883970660383,0.840929088097404
597,597,213361.6562366726,11.801026051461038,546.7020127584871,1.8885025364254686,0.8415640136539897
598,598,213072.5841766781,11.784384052955375,546.6870128411003,1.8891201609643518,0.8421979164712241
599,599,212784.28680070757,11.767788925983602,546.6720361738512,1.889736847034045,0.8428307996174208
600,600,212496.7610123022,11.751240472806439,546.6570826856471,1.890352597379581,0.8434626661475509
601,601,212210.0037314305,11.73473849679532,546.6421523057181,1.8909674147340814,0.8440935191033189
602,602,211924.01189438085,11.71828280242462,546.6272449636157,1.8915813018188266,0.8447233615132372
603,603,211638.7824536529,11.701873195263918,546.6123605892101,1.8921942613433227,0.845352196392701
604,604,211354.3123778515,11.685509481970355,546.5974991126891,1.8928062960053698,0.8459800267440619
605,605,211070.5986515804,11.669191470281024,546.5826604645556,1.8934174084911293,0.8466068555567018
606,606,210787.6382753372,11.652918969005455,546.5678445756258,1.89402760147519,0.8472326858071053
607,607,210505.42826540905,11.636691788018135,546.5530513770278,1.894636877620635,0.8478575204589325
608,608,210223.9656537693,11.620509738251114,546.538280800199,1.8952452395791073,0.8484813624630906
609,609,209943.24748797467,11.604372631686655,546.5235327768848,1.8958526899908748,0.8491042147578058
610,610,209663.27083106356,11.588280281349954,546.5088072391368,1.8964592314848951,0.8497260802686941
611,611,209384.0327614548,11.572232501301924,546.4941041193105,1.8970648666788805,0.8503469619088315
612,612,209105.5303728476,11.556229106632022,546.4794233500639,1.897669598179361,0.8509668625788241
613,613,208827.7607741219,11.54026991345116,546.4647648643559,1.8982734285817484,0.8515857851668779
614,614,208550.7210892396,11.524354738884647,546.4501285954436,1.8988763604703993,0.8522037325488674
615,615,208274.40845714675,11.508483401065218,546.4355144768817,1.8994783964186774,0.8528207075884044
616,616,207998.82003167653,11.492655719126102,546.4209224425202,1.9000795389890155,0.8534367131369063
617,617,207723.95298145225,11.47687151319414,546.4063524265024,1.9006797907329773,0.854051752033663
618,618,207449.8044897923,11.461130604382994,546.3918043632636,1.901279154191319,0.8546658271059051
619,619,207176.3717546148,11.445432814786365,546.3772781875294,1.9018776318940496,0.8552789411688696
620,620,206903.6519883435,11.429777967471308,546.3627738343137,1.9024752263604914,0.855891097025867
621,621,206631.64241781432,11.414165886471576,546.348291238917,1.90307194009934,0.8565022974683464
622,622,206360.3402841825,11.398596396781025,546.3338303369253,1.9036677756087244,0.8571125452759615
623,623,206089.7428428308,11.383069324347089,546.3193910642077,1.904262735376265,0.8577218432166351
624,624,205819.84736327757,11.36758449606427,546.3049733569152,1.9048568218791329,0.8583301940466239
625,625,205550.65112908685,11.35214173976773,546.2905771514789,1.9054500375841086,0.8589376005105821
626,626,205282.1514377779,11.336740884226893,546.2762023846085,1.9060423849476391,0.8595440653416255
627,627,205014.3456007361,11.321381759139125,546.2618489932904,1.9066338664158962,0.8601495912613946
628,628,204747.2309431244,11.306064195123453,546.2475169147865,1.9072244844248325,0.8607541809801169
629,629,204480.8048037953,11.290788023714338,546.2332060866323,1.9078142414002395,0.86135783719667
630,630,204215.06453520377,11.275553077355504,546.2189164466355,1.9084031397578025,0.8619605625986431
631,631,203950.00750332064,11.260359189393803,546.2046479328743,1.9089911819031578,0.8625623598623984
632,632,203685.63108754664,11.245206194073148,546.1904004836958,1.9095783702319469,0.8631632316531326
633,633,203421.93268062687,11.230093926528477,546.1761740377148,1.9101647071298726,0.8637631806249373
634,634,203158.90968856707,11.215022222779782,546.1619685338117,1.9107501949727537,0.8643622094208594
635,635,202896.5595305485,11.199990919726167,546.1477839111315,1.9113348361265787,0.8649603206729609
636,636,202634.87963884545,11.184999855139978,546.133620109082,1.9119186329475608,0.8655575170023786
637,637,202373.8674587421,11.170048867660956,546.1194770673325,1.9125015877821905,0.866153801019383
638,638,202113.5204484509,11.15513779679045,546.105354725812,1.9130837029672898,0.8667491753234371
639,639,201853.8360790304,11.140266482885679,546.0912530247081,1.9136649808300643,0.8673436425032547
640,640,201594.81183430503,11.125434767154026,546.077171904465,1.9142454236881565,0.8679372051368583
641,641,201336.44521078464,11.110642491647395,546.0631113057826,1.9148250338496975,0.8685298657916369
642,642,201078.73371758475,11.095889499256597,546.049071169615,1.9154038136133584,0.8691216270244028
643,643,200821.67487634777,11.081175633705792,546.0350514371685,1.9159817652684032,0.8697124913814483
644,644,200565.26622116432,11.06650073954697,546.0210520499006,1.9165588910947386,0.870302461398603
645,645,200309.50529849555,11.051864662154477,546.0070729495188,1.9171351933629652,0.8708915396012887
646,646,200054.3896670956,11.03726724771958,545.9931140779788,1.9177106743344279,0.8714797285045759
647,647,199799.91689793524,11.022708343245085,545.9791753774831,1.9182853362612662,0.8720670306132385
648,648,199546.08457412565,11.00818779653999,545.9652567904798,1.9188591813864637,0.8726534484218095
649,649,199292.8902908425,10.993705456214181,545.951358259661,1.919432211943898,0.8732389844146348
650,650,199040.33165525165,10.979261171673171,545.9374797279619,1.920004430158389,0.873823641065928
651,651,198788.40628643383,10.964854793112876,545.9236211385588,1.920575838245748,0.8744074208398241
652,652,198537.11181531177,10.950486171514447,545.9097824348682,1.9211464384128267,0.874990326190433
653,653,198286.44588457583,10.936155158639119,545.8959635605454,1.9217162328575645,0.8755723595618926
654,654,198036.40614861203,10.921861607023121,545.8821644594829,1.9222852237690367,0.8761535233884218
655,655,197786.99027342928,10.90760536997262,545.8683850758092,1.9228534133275015,0.8767338200943728
656,656,197538.19593658796,10.893386301558692,545.854625353888,1.9234208037044478,0.8773132520942838
657,657,197290.0208271285,10.879204256612356,545.8408852383159,1.9239873970626418,0.8778918217929298
658,658,197042.4626455009,10.86505909071962,545.827164673922,1.9245531955561732,0.8784695315853751
659,659,196795.5191034944,10.850950660216595,545.8134636057661,1.925118201330502,0.8790463838570238
660,660,196549.18792416784,10.836878822184614,545.7997819791375,1.9256824165225037,0.879622380983671
661,661,196303.466841781,10.822843434445419,545.786119739554,1.9262458432605154,0.8801975253315528
662,662,196058.3536017253,10.808844355556369,545.7724768327605,1.926808483664381,0.8807718192573972
663,663,195813.8459604561,10.794881444805686,545.7588532047274,1.9273703398454962,0.8813452651084732
664,664,195569.94168542488,10.780954562207743,545.7452488016498,1.9279314139068526,0.8819178652226406
665,665,195326.6385550124,10.767063568498385,545.7316635699461,1.9284917079430832,0.8824896219283994
666,666,195083.93435846185,10.753208325130286,545.7180974562569,1.9290512240405058,0.8830605375449384
667,667,194841.82689581267,10.739388694268346,545.7045504074435,1.9296099642771667,0.8836306143821838
668,668,194600.31397783503,10.725604538785115,545.691022370587,1.930167930722885,0.8841998547408477
669,669,194359.39342596455,10.711855722256262,545.6775132929868,1.9307251254392945,0.8847682609124757
670,670,194119.0630722377,10.698142108956077,545.6640231221595,1.9312815504798884,0.885335835179495
671,671,193879.32075922744,10.684463563852994,545.6505518058382,1.9318372078900603,0.885902579815261
672,672,193640.16433997927,10.670819952605168,545.6370992919705,1.932392099707148,0.8864684970841051
673,673,193401.5916779486,10.657211141556076,545.6236655287178,1.9329462279604746,0.8870335892413813
674,674,193163.6006469369,10.643636997730148,545.610250464454,1.9334995946713904,0.887597858533512
675,675,192926.18913103,10.63009738882844,545.5968540477647,1.9340522018533157,0.8881613071980351
676,676,192689.355024536,10.61659218322434,545.5834762274455,1.9346040515117804,0.888723937463649
677,677,192453.09623192388,10.603121249959287,545.5701169525013,1.935155145644466,0.8892857515502587
678,678,192217.41066776175,10.589684458738555,545.5567761721447,1.9357054862412464,0.8898467516690208
679,679,191982.2962566574,10.576281679927046,545.5434538357956,1.936255075284228,0.8904069400223888
680,680,191747.7509331969,10.562912784545116,545.5301498930794,1.9368039147477902,0.8909663188041574
681,681,191513.77264188556,10.549577644264444,545.5168642938261,1.9373520065986256,0.8915248901995073
682,682,191280.3593370884,10.536276131403925,545.5035969880693,1.937899352795779,0.8920826563850489
683,683,191047.5089829714,10.523008118925594,545.490347926045,1.9384459552906876,0.8926396195288666
684,684,190815.2195534428,10.50977348043058,545.4771170581909,1.9389918160272197,0.8931957817905622
685,685,190583.489032095,10.496572090155091,545.4639043351445,1.9395369369417141,0.8937511453212982
686,686,190352.3154121472,10.483403822966437,545.4507097077429,1.9400813199630185,0.8943057122638408
687,687,190121.6966963878,10.470268554359073,545.4375331270211,1.9406249670125277,0.8948594847526029
688,688,189891.63089711787,10.45716616045067,545.4243745442113,1.941167880004223,0.8954124649136862
689,689,189662.1160360945,10.44409651797823,545.4112339107418,1.9417100608447084,0.8959646548649239
690,690,189433.1501444748,10.431059504294206,545.3981111782357,1.9422515114332501,0.8965160567159225
691,691,189204.7312627604,10.418054997362685,545.3850062985103,1.9427922336618126,0.8970666725681031
692,692,188976.8574407422,10.405082875755566,545.3719192235758,1.9433322294150965,0.8976165045147437
693,693,188749.52673744515,10.392143018648781,545.3588499056341,1.9438715005705758,0.8981655546410197
694,694,188522.73722107435,10.379235305818552,545.3457982970782,1.9444100489985343,0.8987138250240448
695,695,188296.4869689605,10.366359617637661,545.3327643504908,1.944947876562102,0.8992613177329125
696,696,188070.7740675065,10.353515835071756,545.3197480186438,1.9454849851172917,0.8998080348287355
697,697,187845.59661213408,10.340703839675681,545.3067492544967,1.9460213765130354,0.9003539783646867
698,698,187620.95270723052,10.327923513589841,545.2937680111959,1.9465570525912193,0.9008991503860385
699,699,187396.84046609676,10.315174739536584,545.2808042420738,1.9470920151867197,0.9014435529302031
700,700,187173.25801089415,10.302457400816607,545.2678579006478,1.9476262661274393,0.9019871880267712
701,701,186950.2034725941,10.289771381305409,545.254928940619,1.9481598072343411,0.9025300576975522
702,702,186727.6749909249,10.277116565449743,545.242017315872,1.9486926403214841,0.9030721639566122
703,703,186505.6707143221,10.264492838264124,545.2291229804729,1.949224767196058,0.903613508810313
704,704,186284.18879987657,10.251900085327321,545.216245888669,1.9497561896584175,0.904154094257351
705,705,186063.22741328497,10.239338192778929,545.2033859948881,1.9502869095021163,0.9046939222887951
706,706,185842.7847287992,10.226807047315914,545.1905432537368,1.9508169285139418,0.9052329948881244
707,707,185622.8589291769,10.21430653618922,545.1777176200002,1.951346248473949,0.9057713140312666
708,708,185403.448205632,10.201836547200383,545.1649090486407,1.9518748711554934,0.9063088816866354
709,709,185184.55075778556,10.189396968698174,545.1521174947969,1.9524027983252652,0.9068456998151673
710,710,184966.1647936175,10.176987689575268,545.1393429137834,1.9529300317433225,0.9073817703703593
711,711,184748.28852941783,10.164608599264932,545.1265852610888,1.9534565731631237,0.9079170952983054
712,712,184530.9201897389,10.152259587737747,545.113844492376,1.953982424331561,0.9084516765377335
713,713,184314.0580073477,10.139940545498346,545.1011205634801,1.954507586988993,0.9089855160200416
714,714,184097.70022317825,10.127651363582174,545.0884134304085,1.955032062869276,0.9095186156693341
715,715,183881.8450862849,10.115391933552283,545.0757230493396,1.9555558536997983,0.9100509774024578
716,716,183666.4908537957,10.103162147496136,545.0630493766216,1.9560789612015104,0.9105826031290374
717,717,183451.63579086543,10.090961898022439,545.0503923687725,1.9566013870889574,0.9111134947515115
718,718,183237.2781706304,10.078791078258005,545.0377519824781,1.9571231330703107,0.9116436541651675
719,719,183023.41627416183,10.06664958184463,545.0251281745922,1.9576442008474,0.9121730832581768
720,720,182810.0483904213,10.054537302935994,545.0125209021351,1.9581645921157433,0.9127017839116301
721,721,182597.1728162147,10.042454136194582,544.9999301222928,1.958684308564579,0.9132297579995715
722,722,182384.7878561484,10.030399976788642,544.9873557924165,1.9592033518768965,0.9137570073890332
723,723,182172.89182258392,10.018374720389135,544.9747978700212,1.9597217237294666,0.91428353394007
724,724,181961.4830355941,10.006378263166742,544.9622563127857,1.960239425792872,0.9148093395057931
725,725,181750.55982291937,9.994410501788868,544.9497310785507,1.9607564597315377,0.915334425932404
726,726,181540.1205199238,9.982471333416676,544.937222125319,1.9612728272037614,0.9158587950592282
727,727,181330.16346955183,9.970560655702139,544.9247294112538,1.9617885298617432,0.9163824487187487
728,728,181120.6870222857,9.95867836678512,544.9122528946787,1.962303569351615,0.9169053887366393
729,729,180911.68953610223,9.94682436529047,544.899792534076,1.9628179473134708,0.9174276169317973
730,730,180703.16937643045,9.93499855032513,544.887348288087,1.9633316653813955,0.9179491351163769
731,731,180495.1249161099,9.923200821475291,544.87492011551,1.963844725183494,0.9184699450958215
732,732,180287.55453534823,9.911431078803536,544.8625079753004,1.964357128341921,0.9189900486688962
733,733,180080.45662167994,9.899689222846023,544.8501118265696,1.9648688764729088,0.9195094476277202
734,734,179873.82956992512,9.88797515460968,544.8377316285839,1.965379971186797,0.920028143757799
735,735,179667.67178214813,9.876288775569433,544.8253673407645,1.9658904140880602,0.9205461388380556
736,736,179461.98166761728,9.86462998766543,544.813018922686,1.966400206775337,0.9210634346408633
737,737,179256.75764276405,9.852998693300306,544.8006863340757,1.9669093508414577,0.9215800329320764
738,738,179051.99813114305,9.84139479533646,544.7883695348135,1.9674178478734723,0.9220959354710616
739,739,178847.70156339198,9.829818197093353,544.77606848493,1.9679256994526786,0.9226111440107296
740,740,178643.86637719217,9.818268802344809,544.7637831446069,1.9684329071546496,0.9231256602975658
741,741,178440.491017229,9.80674651531637,544.7515134741758,1.968939472549261,0.9236394860716608
742,742,178237.5739351529,9.79525124068263,544.739259434117,1.969445397200719,0.9241526230667413
743,743,178035.11358954047,9.783782883564621,544.7270209850594,1.9699506826675868,0.9246650730102006
744,744,177833.10844585573,9.772341349527188,544.7147980877795,1.9704553305028119,0.9251768376231286
745,745,177631.55697641207,9.76092654457641,544.7025907032006,1.9709593422537528,0.9256879186203422
746,746,177430.45766033384,9.749538375157018,544.6903987923923,1.971462719462206,0.9261983177104145
747,747,177229.80898351868,9.738176748149844,544.6782223165695,1.9719654636644326,0.9267080365957054
748,748,177029.60943860008,9.726841570869276,544.6660612370919,1.9724675763911839,0.9272170769723905
749,749,176829.85752490966,9.715532751060746,544.653915515463,1.972969059167728,0.9277254405304908
750,750,176630.55174844046,9.704250196898224,544.64178511333,1.9734699135138767,0.9282331289539014
751,751,176431.69062180983,9.69299381698173,544.6296699924823,1.9739701409440098,0.9287401439204214
752,752,176233.27266422295,9.681763520334865,544.6175701148512,1.9744697429671023,0.9292464871017817
753,753,176035.2964014367,9.67055921640237,544.6054854425095,1.974968721086749,0.9297521601636746
754,754,175837.7603657229,9.65938081504768,544.59341593767,1.9754670768011904,0.9302571647657816
755,755,175640.66309583315,9.648228226550511,544.5813615626856,1.975964811603338,0.9307615025618023
756,756,175444.00313696277,9.637101361604465,544.5693222800485,1.9764619269807993,0.9312651751994824
757,757,175247.7790407156,9.626000131314635,544.5572980523889,1.9769584244159029,0.9317681843206415
758,758,175051.98936506853,9.61492444719525,544.5452888424749,1.977454305385723,0.9322705315612011
759,759,174856.63267433687,9.603874221167315,544.5332946132118,1.9779495713621047,0.9327722185512126
760,760,174661.7075391396,9.59284936555628,544.5213153276412,1.9784442238116882,0.9332732469148844
761,761,174467.21253636468,9.581849793089724,544.5093509489406,1.9789382641959332,0.9337736182706097
762,762,174273.14624913497,9.570875416895042,544.4974014404222,1.9794316939711432,0.934273334230993
763,763,174079.50726677405,9.559926150497171,544.4854667655331,1.9799245145884894,0.934772396402878
764,764,173886.29418477262,9.549001907816308,544.473546887854,1.9804167274940354,0.9352708063873741
765,765,173693.5056047547,9.538102603165662,544.4616417710986,1.9809083341287606,0.9357685657798833
766,766,173501.1401344443,9.527228151249208,544.4497513791131,1.981399335928583,0.9362656761701266
767,767,173309.1963876323,9.516378467159463,544.4378756758757,1.981889734324385,0.9367621391421704
768,768,173117.67298414357,9.505553466375282,544.4260146254957,1.9823795307420344,0.9372579562744533
769,769,172926.5685498042,9.494753064759657,544.4141681922129,1.9828687266024092,0.9377531291398117
770,770,172735.88171640868,9.483977178557533,544.4023363403971,1.9833573233214203,0.938247659305506
771,771,172545.6111216883,9.473225724393657,544.3905190345477,1.9838453223100347,0.9387415483332466
772,772,172355.7554092782,9.462498619270413,544.3787162392922,1.9843327249742981,0.9392347977792194
773,773,172166.31322868622,9.451795780565696,544.3669279193867,1.984819532715358,0.9397274091941111
774,774,171977.28323526078,9.441117126030786,544.3551540397146,1.9853057469294857,0.9402193841231354
775,775,171788.66409015947,9.430462573788244,544.3433945652861,1.9857913690080997,0.9407107241060575
776,776,171600.4544603179,9.419832042329816,544.3316494612375,1.9862764003377877,0.9412014306772195
777,777,171412.65301841855,9.409225450514356,544.3199186928309,1.9867608423003287,0.9416915053655655
778,778,171225.25844285983,9.398642717565764,544.3082022254536,1.9872446962727146,0.9421809496946661
779,779,171038.2694177257,9.388083763070933,544.296500024617,1.9877279636271736,0.9426697651827437
780,780,170851.68463275462,9.37754850697771,544.2848120559565,1.988210645731191,0.9431579533426964
781,781,170665.50278331002,9.367036869592882,544.273138285231,1.9886927439475308,0.9436455156821225
782,782,170479.7225703494,9.35654877158015,544.2614786783215,1.989174259634258,0.9441324537033454
783,783,170294.3427003952,9.34608413395815,544.2498332012317,1.9896551941447598,0.944618768903437
784,784,170109.36188550448,9.335642878098467,544.2382018200865,1.9901355488277668,0.9451044627742421
785,785,169924.77884323982,9.325224925723651,544.2265845011317,1.9906153250273744,0.9455895368024021
786,786,169740.59229663978,9.314830198905282,544.2149812107336,1.991094524083064,0.9460739924693791
787,787,169556.80097418991,9.304458620062013,544.2033919153783,1.9915731473297238,0.9465578312514789
788,788,169373.40360979343,9.294110111957643,544.191816581671,1.99205119609767,0.9470410546198749
789,789,169190.39894274308,9.283784597699203,544.1802551763355,1.992528671712667,0.9475236640406314
790,790,169007.785717692,9.273482000735049,544.1687076662141,1.9930055754959488,0.9480056609747267
791,791,168825.5626846255,9.263202244852968,544.1571740182662,1.993481908764239,0.9484870468780763
792,792,168643.72859883288,9.252945254178302,544.1456541995685,1.9939576728297712,0.9489678232015556
793,793,168462.28222087948,9.242710953172084,544.134148177314,1.9944328690003097,0.9494479913910231
794,794,168281.22231657835,9.232499266629173,544.1226559188117,1.9949074985791693,0.9499275528873428
795,795,168100.54765696326,9.222310119676425,544.1111773914857,1.9953815628652356,0.9504065091264067
796,796,167920.2570182606,9.212143437770854,544.0997125628754,1.9958550631529848,0.9508848615391577
797,797,167740.34918186223,9.201999146697815,544.0882614006341,1.9963280007325037,0.9513626115516115
798,798,167560.82293429834,9.191877172569207,544.076823872529,1.9968003768895093,0.9518397605848787
799,799,167381.6770672106,9.181777441821664,544.0653999464404,1.9972721929053685,0.9523163100551875
800,800,167202.9103773249,9.171699881214787,544.0539895903614,1.9977434500571174,0.9527922613739048
801,801,167024.52166642505,9.161644417829363,544.0425927723974,1.9982141496174814,0.9532676159475589
802,802,166846.5097413263,9.151610979065618,544.0312094607651,1.9986842928548936,0.9537423751778604
803,803,166668.8734138487,9.141599492641454,544.0198396237927,1.9991538810335143,0.9542165404617243
804,804,166491.61150079122,9.131609886590729,544.0084832299187,1.9996229154132508,0.9546901131912913
805,805,166314.7228239056,9.121642089261522,543.9971402476921,2.000091397249775,0.9551630947539491
806,806,166138.20620987064,9.111696029314423,543.9858106457709,2.0005593277945435,0.9556354865323539
807,807,165962.06049026636,9.101771635720834,543.9744943929228,2.0010267082948157,0.956107289904451
808,808,165786.2845015487,9.091868837761272,543.9631914580237,2.0014935399936724,0.9565785062434966
809,809,165610.87708502385,9.081987565023699,543.9519018100578,2.0019598241300356,0.9570491369180777
810,810,165435.83708682342,9.07212774740184,543.9406254181167,2.0024255619386846,0.9575191832921336
811,811,165261.16335787906,9.062289315093535,543.9293622513993,2.0028907546502768,0.9579886467249763
812,812,165086.85475389773,9.05247219859909,543.9181122792108,2.0033554034913643,0.9584575285713111
813,813,164912.91013533706,9.04267632871964,543.9068754709629,2.003819509684413,0.9589258301812568
814,814,164739.3283673806,9.032901636555518,543.8956517961725,2.00428307444782,0.9593935529003663
815,815,164566.10831991344,9.023148053504649,543.8844412244621,2.004746098995932,0.9598606980696469
816,816,164393.24886749807,9.013415511260936,543.8732437255585,2.0052085845390626,0.96032726702558
817,817,164220.74888934987,9.003703941812672,543.8620592692928,2.005670532283511,0.9607932611001414
818,818,164048.60726931362,8.994013277440953,543.8508878255998,2.0061319434315785,0.961258681620821
819,819,163876.82289583946,8.984343450718104,543.8397293645176,2.0065928191815874,0.9617235299106426
820,820,163705.39466195906,8.974694394506116,543.8285838561869,2.007053160727897,0.9621878072881838
821,821,163534.3214652622,8.96506604195509,543.817451270851,2.0075129692609224,0.9626515150675952
822,822,163363.60220787357,8.955458326501697,543.8063315788548,2.0079722459671503,0.9631146545586201
823,823,163193.23579642922,8.94587118186764,543.7952247506446,2.008430992029157,0.9635772270666138
824,824,163023.22114205346,8.936304542058133,543.7841307567675,2.0088892086256265,0.9640392338925626
825,825,162853.55716033623,8.926758341360387,543.7730495678712,2.009346896931365,0.9645006763331034
826,826,162684.24277130986,8.917232514342098,543.7619811547034,2.00980405811732,0.9649615556805422
827,827,162515.2768994268,8.907726995849965,543.7509254881114,2.010260693350597,0.9654218732228735
828,828,162346.65847353663,8.898241721008194,543.7398825390416,2.010716803794474,0.9658816302437989
829,829,162178.38642686402,8.888776625217025,543.7288522785387,2.0111723906084205,0.9663408280227458
830,830,162010.45969698628,8.87933164415127,543.7178346777462,2.0116274549481132,0.966799467834886
831,831,161842.8772258111,8.869906713758846,543.7068297079047,2.0120819979654527,0.9672575509511546
832,832,161675.63795955502,8.860501770259336,543.6958373403528,2.0125360208085787,0.9677150786382678
833,833,161508.740848721,8.85111675014255,543.6848575465256,2.0129895246218887,0.9681720521587417
834,834,161342.18484807698,8.841751590167089,543.6738902979546,2.013442510546051,0.9686284727709106
835,835,161175.9689166343,8.832406227358925,543.6629355662675,2.013894979718024,0.9690843417289445
836,836,161010.0920176261,8.823080599010002,543.6519933231876,2.0143469332710695,0.969539660282868
837,837,160844.55311848604,8.813774642676814,543.6410635405333,2.0147983723347704,0.9699944296785774
838,838,160679.35119082703,8.804488296179027,543.6301461902177,2.015249298035046,0.9704486511578593
839,839,160514.48521042042,8.795221497598089,543.6192412442483,2.015699711494167,0.9709023259584078
840,840,160349.95415717448,8.785974185275848,543.6083486747266,2.0161496138307724,0.9713554553138423
841,841,160185.75701511418,8.776746297813194,543.5974684538472,2.016599006159885,0.9718080404537253
842,842,160021.89277236006,8.767537774068693,543.5866005538983,2.0170478895929254,0.9722600826035794
843,843,159858.36042110797,8.758348553157244,543.5757449472603,2.017496265237729,0.9727115829849053
844,844,159695.1589576083,8.749178574448726,543.5649016064062,2.017944134198561,0.9731625428151985
845,845,159532.2873821458,8.740027777566677,543.5540705039006,2.0183914975761317,0.9736129633079669
846,846,159369.7446990194,8.730896102386957,543.5432516123994,2.0188383564676102,0.9740628456727474
847,847,159207.52991652212,8.721783489036444,543.53244490465,2.0192847119666415,0.9745121911151234
848,848,159045.64204692098,8.712689877891712,543.52165035349,2.019730565163361,0.9749610008367418
849,849,158884.08010643726,8.703615209577741,543.5108679318474,2.0201759171444085,0.9754092760353291
850,850,158722.84311522677,8.694559424966618,543.5000976127401,2.020620768992944,0.9758570179047091
851,851,158561.93009736022,8.685522465176263,543.4893393692752,2.021065121788663,0.9763042276348188
852,852,158401.3400808035,8.676504271569135,543.4785931746488,2.0215089766078087,0.9767509064117254
853,853,158241.07209739878,8.66750478575098,543.4678590021462,2.0219523345231893,0.9771970554176423
854,854,158081.1251828448,8.658523949569567,543.4571368251402,2.0223951966041915,0.9776426758309463
855,855,157921.4983766779,8.649561705113427,543.446426617092,2.022837563916795,0.978087768826193
856,856,157762.19072225312,8.640617994710622,543.4357283515502,2.0232794375235867,0.9785323355741337
857,857,157603.20126672485,8.631692760927494,543.4250420021503,2.0237208184837754,0.978976377241731
858,858,157444.52906102853,8.622785946567445,543.4143675426147,2.0241617078532057,0.9794198949921755
859,859,157286.17315986156,8.613897494669711,543.4037049467521,2.0246021066843722,0.9798628899849012
860,860,157128.1326216651,8.605027348508154,543.3930541884572,2.025042016026434,0.9803053633756016
861,861,156970.40650860497,8.596175451590039,543.3824152417102,2.025481436925228,0.9807473163162453
862,862,156812.99388655403,8.58734174765486,543.3717880805766,2.0259203704232833,0.9811887499550923
863,863,156655.89382507323,8.578526180673121,543.3611726792068,2.0263588175598355,0.9816296654367088
864,864,156499.10539739407,8.569728694845175,543.3505690118355,2.0267967793708395,0.9820700639019836
865,865,156342.62768040015,8.560949234600029,543.3399770527819,2.027234256888984,0.9825099464881428
866,866,156186.45975460915,8.552187744594184,543.3293967764486,2.0276712511437043,0.982949314328766
867,867,156030.60070415548,8.543444169710469,543.3188281573215,2.0281077631611972,0.9833881685538006
868,868,155875.049616772,8.534718455056883,543.3082711699699,2.0285437939644333,0.9838265102895782
869,869,155719.80558377286,8.526010545965452,543.2977257890456,2.028979344573171,0.984264340658829
870,870,155564.86770003557,8.517320387991083,543.2871919892825,2.02941441600397,0.9847016607806967
871,871,155410.23506398374,8.508647926910426,543.276669745497,2.029849009270204,0.9851384717707542
872,872,155255.90677757005,8.499993108720757,543.2661590325865,2.0302831253820752,0.9855747747410183
873,873,155101.88194625857,8.491355879638846,543.2556598255302,2.030716765346625,0.9860105707999641
874,874,154948.15967900783,8.48273618609985,543.2451720993878,2.03114993016775,0.9864458610525403
875,875,154794.7390882539,8.474133974756198,543.2346958292998,2.0315826208462133,0.9868806466001835
876,876,154641.61928989334,8.465549192476503,543.2242309904867,2.0320148383796575,0.9873149285408332
877,877,154488.7994032664,8.456981786344457,543.2137775582491,2.0324465837626184,0.9877487079689462
878,878,154336.27855114033,8.448431703657747,543.2033355079672,2.032877857986537,0.9881819859755108
879,879,154184.0558596929,8.439898891926973,543.1929048151,2.033308662039773,0.9886147636480616
880,880,154032.13045849555,8.43138329887458,543.1824854551857,2.033738996907617,0.9890470420706935
881,881,153880.50148049713,8.422884872433784,543.1720774038408,2.034168863572303,0.9894788223240761
882,882,153729.16806200752,8.41440356074751,543.1616806367603,2.034598263013022,0.9899101054854681
883,883,153578.12934268182,8.405939312167348,543.1512951297167,2.0350271962059323,0.9903408926287308
884,884,153427.38446550324,8.397492075252485,543.1409208585602,2.035455664124175,0.9907711848243428
885,885,153276.93257676793,8.389061798768685,543.1305577992182,2.0358836677378833,0.9912009831394135
886,886,153126.7728260687,8.380648431687236,543.1202059276949,2.0363112080141974,0.9916302886376972
887,887,152976.90436627917,8.372251923183931,543.1098652200711,2.036738285917275,0.9920591023796068
888,888,152827.3263535378,8.36387222263804,543.0995356525038,2.037164902408304,0.9924874254222277
889,889,152678.0379472326,8.355509279631292,543.0892172012259,2.0375910584455146,0.9929152588193313
890,890,152529.0383099851,8.347163043946866,543.0789098425457,2.038016754984192,0.9933426036213887
891,891,152380.32660763522,8.338833465568385,543.0686135528471,2.0384419929766877,0.9937694608755844
892,892,152231.90200922557,8.330520494678916,543.0583283085887,2.0388667733724315,0.9941958316258295
893,893,152083.7636869863,8.322224081659982,543.0480540863036,2.039291097117943,0.994621716912775
894,894,151935.91081631972,8.313944177090566,543.0377908625996,2.0397149651568447,0.9950471177738258
895,895,151788.34257578535,8.305680731746136,543.0275386141583,2.0401383784298726,0.9954720352431531
896,896,151641.05814708446,8.297433696597668,543.0172973177348,2.040561337874888,0.9958964703517083
897,897,151494.05671504562,8.289203022810677,543.0070669501579,2.0409838444268895,0.9963204241272355
898,898,151347.3374676093,8.280988661744248,542.9968474883292,2.041405899018025,0.9967438975942854
899,899,151200.8995958134,8.272790564950089,542.9866389092232,2.0418275025776023,0.9971668917742275
900,900,151054.7422937783,8.264608684171566,542.9764411898868,2.0422486560321005,0.9975894076852633
901,901,150908.86475869257,8.256442971342766,542.9662543074392,2.0426693603051826,0.9980114463424395
902,902,150763.26619079782,8.248293378587547,542.9560782390712,2.043089616317706,0.9984330087576605
903,903,150617.94579337476,8.240159858218611,542.9459129620454,2.0435094249877337,0.9988540959397009
904,904,150472.90277272853,8.232042362736566,542.9357584536957,2.0439287872305454,0.9992747088942187
905,905,150328.13633817455,8.223940844829006,542.9256146914266,2.0443477039586497,0.9996948486237677
906,906,150183.645702024,8.215855257369594,542.9154816527137,2.0447661760817946,1.00011451612781
907,907,150039.4300795701,8.207785553417141,542.9053593151025,2.0451842045069775,1.0005337124027285
908,908,149895.48868907365,8.199731686214704,542.8952476562091,2.045601790138458,1.0009524384418393
909,909,149751.82075174915,8.191693609188679,542.8851466537191,2.0460189338777686,1.0013706952354042
910,910,149608.4254917511,8.183671275947907,542.8750562853876,2.0464356366237237,1.001788483770643
911,911,149465.30213615982,8.175664640282777,542.864976529039,2.046851899272433,1.0022058050317455
912,912,149322.44991496793,8.167673656164341,542.8549073625667,2.0472677227173106,1.002622659999884
913,913,149179.8680610666,8.159698277743438,542.8448487639325,2.0476831078490867,1.0030390496532253
914,914,149037.55581023186,8.1517384593498,542.8348007111668,2.0480980555558173,1.0034549749669426
915,915,148895.51240111128,8.143794155491204,542.8247631823681,2.0485125667228954,1.0038704369132276
916,916,148753.73707521037,8.13586532085258,542.8147361557025,2.048926642233062,1.004285436461303
917,917,148612.2290768791,8.127951910295176,542.8047196094037,2.0493402829664165,1.0046999745774332
918,918,148470.98765329891,8.120053878855675,542.7947135217728,2.049753489800426,1.005114052224937
919,919,148330.01205446917,8.112171181745364,542.7847178711776,2.0501662636099374,1.0055276703641998
920,920,148189.3015331943,8.104303774349274,542.7747326360528,2.0505786052671864,1.0059408299526835
921,921,148048.85534507036,8.096451612225348,542.7647577948997,2.0509905156418085,1.0063535319449404
922,922,147908.67274847245,8.0886146511036,542.7547933262852,2.0514019956008496,1.006765777292623
923,923,147768.7530045413,8.080792846885275,542.7448392088426,2.051813046008775,1.007177566944497
924,924,147629.095377171,8.072986155642042,542.7348954212705,2.0522236677274814,1.0075889018464512
925,925,147489.69913299565,8.065194533615148,542.7249619423332,2.0526338616163056,1.0079997829415106
926,926,147350.56354137693,8.05741793721462,542.7150387508597,2.0530436285320346,1.0084102111698463
927,927,147211.68787439138,8.049656323018437,542.705125825744,2.0534529693289163,1.0088201874687879
928,928,147073.0714068179,8.041909647771735,542.6952231459446,2.053861884858669,1.0092297127728338
929,929,146934.71341612513,8.034177868385992,542.6853306904844,2.0542703759704914,1.0096387880136635
930,930,146796.6131824591,8.026460941938236,542.6754484384503,2.054678443511073,1.0100474141201476
931,931,146658.76998863075,8.018758825670249,542.6655763689928,2.055086088324604,1.0104555920183602
932,932,146521.1831201038,8.011071476987778,542.6557144613262,2.0554933112527825,1.0108633226315884
933,933,146383.85186498234,8.00339885345975,542.6458626947277,2.0559001131348285,1.0112706068803445
934,934,146246.77551399873,7.995740912817484,542.6360210485378,2.0563064948074903,1.0116774456823765
935,935,146109.95336050165,7.98809761295393,542.6261895021597,2.0567124571050552,1.0120838399526788
936,936,145973.38470044377,7.980468911922882,542.616368035059,2.0571180008593597,1.0124897906035035
937,937,145837.06883237007,7.9728547679382205,542.6065566267637,2.057523126899798,1.0128952985443709
938,938,145701.00505740577,7.965255139373144,542.5967552568635,2.0579278360533317,1.0133003646820797
939,939,145565.1926792444,7.957669984759414,542.5869639050101,2.0583321291445005,1.013704989920719
940,940,145429.6310041365,7.950099262786597,542.5771825509166,2.0587360069954297,1.014109175161677
941,941,145294.31934087726,7.94254293230132,542.5674111743574,2.059139470425841,1.0145129213036541
942,942,145159.2570007954,7.9350009523065195,542.5576497551679,2.0595425202530606,1.0149162292426708
943,943,145024.44329774132,7.927473281960703,542.5478982732442,2.05994515729203,1.0153190998720798
944,944,144889.87754807572,7.919959880577209,542.5381567085429,2.0603473823553142,1.015721534082576
945,945,144755.55907065803,7.912460707623479,542.528425041081,2.0607491962531106,1.0161235327622067
946,946,144621.48718683515,7.904975722720324,542.5187032509356,2.061150599793259,1.0165250967963821
947,947,144487.66122043008,7.8975048856412,542.5089913182433,2.06155159378125,1.0169262270678858
948,948,144354.08049773052,7.890048156311492,542.4992892232003,2.061952179020235,1.0173269244568843
949,949,144220.7443474779,7.882605494807791,542.4895969460625,2.0623523563110333,1.0177271898409377
950,950,144087.65210085607,7.875176861357186,542.4799144671445,2.062752126452144,1.0181270240950098
951,951,143954.80309148022,7.867762216336554,542.4702417668198,2.063151490239752,1.018526428091478
952,952,143822.19665538607,7.860361520271855,542.4605788255207,2.0635504484677383,1.0189254027001435
953,953,143689.83213101857,7.852974733837434,542.4509256237377,2.063949001927689,1.019323948788241
954,954,143557.7088592214,7.84560181785532,542.4412821420196,2.064347151408904,1.0197220672204492
955,955,143425.82618322558,7.838242733294537,542.4316483609731,2.064744897698404,1.0201197588588997
956,956,143294.1834486393,7.830897441270417,542.4220242612624,2.065142241580943,1.0205170245631878
957,957,143162.78000343672,7.823565903043907,542.4124098236094,2.0655391838390127,1.020913865190382
958,958,143031.61519794766,7.816248080020896,542.4028050287932,2.065935725252854,1.021310281595033
959,959,142900.68838484664,7.808943933751538,542.3932098576497,2.066331866600464,1.021706274629185
960,960,142769.99891914258,7.80165342592957,542.3836242910719,2.0667276086576067,1.0221018451423833
961,961,142639.5461581682,7.794376518391651,542.3740483100091,2.0671229521978183,1.022496993981686
962,962,142509.3294615697,7.787113173116694,542.3644818954673,2.0675178979924183,1.0228917219916713
963,963,142379.34819129616,7.779863352225202,542.3549250285081,2.0679124468105172,1.0232860300144495
964,964,142249.60171158938,7.772627017978609,542.3453776902495,2.068306599419024,1.0236799188896706
965,965,142120.0893889736,7.765404132778627,542.3358398618649,2.0687003565826556,1.0240733894545342
966,966,141990.8105922452,7.758194659166598,542.3263115245833,2.0690937190639453,1.024466442543799
967,967,141861.76469246252,7.750998559822838,542.3167926596888,2.0694866876232494,1.0248590789897927
968,968,141732.95106293602,7.743815797566,542.3072832485207,2.0698792630187572,1.0252512996224197
969,969,141604.3690792178,7.736646335352431,542.297783272473,2.0702714460064984,1.0256431052691721
970,970,141476.01811909192,7.729490136275537,542.2882927129945,2.0706632373403515,1.026034496755138
971,971,141347.89756256438,7.722347163565146,542.2788115515881,2.071054637772052,1.0264254749030108
972,972,141220.00679185308,7.715217380586885,542.269339769811,2.071445648051199,1.0268160405330982
973,973,141092.34519137835,7.7081007508415444,542.2598773492746,2.0718362689252667,1.0272061944633313
974,974,140964.91214775256,7.7009972379644624,542.2504242716436,2.072226501139608,1.027595937509274
975,975,140837.70704977095,7.693906805724904,542.2409805186367,2.072616345437466,1.0279852704841315
976,976,140710.72928840175,7.686829418025442,542.2315460720256,2.07300580255998,1.0283741941987592
977,977,140583.9782567764,7.679765038901349,542.2221209136354,2.073394873246194,1.0287627094616723
978,978,140457.45335018024,7.6727136325199865,542.2127050253441,2.073783558233065,1.029150817079054
979,979,140331.1539660427,7.665675163180196,542.2032983890823,2.074171858255469,1.0295385178547645
980,980,140205.07950392805,7.6586495953117,542.1939009868331,2.0745597740462123,1.0299258125903497
981,981,140079.22936552577,7.651636893474503,542.1845128006321,2.0749473063360346,1.0303127020850502
982,982,139953.60295464128,7.6446370223582925,542.1751338125667,2.075334455853621,1.0306991871358098
983,983,139828.19967718673,7.63764994678185,542.1657640047767,2.0757212233256066,1.0310852685372838
984,984,139703.0189411715,7.6306756316924576,542.1564033594533,2.0761076094765865,1.0314709470818486
985,985,139578.06015669295,7.623714042165318,542.1470518588392,2.0764936150291207,1.0318562235596092
986,986,139453.3227359276,7.616765143402962,542.1377094852286,2.076879240703745,1.0322410987584083
987,987,139328.80609312144,7.60982890073468,542.1283762209666,2.077264487218975,1.032625573463835
988,988,139204.50964458133,7.6029052796159355,542.1190520484496,2.077649355291316,1.0330096484592324
989,989,139080.4328086657,7.595994245627798,542.1097369501242,2.0780338456352703,1.033393324525707
990,990,138956.57500577567,7.58909576447637,542.1004309084881,2.0784179589633434,1.0337766024421364
991,991,138832.9356583459,7.582209801992218,542.0911339060889,2.0788016959860522,1.034159482985178
992,992,138709.51419083608,7.5753363241298155,542.0818459255246,2.0791850574119324,1.034541966929277
993,993,138586.31002972173,7.568475296966972,542.0725669494432,2.0795680439475457,1.0349240550466752
994,994,138463.32260348546,7.561626686704282,542.0632969605422,2.0799506562974868,1.0353057481074184
995,995,138340.55134260835,7.554790459664569,542.0540359415689,2.080332895164391,1.0356870468793655
996,996,138217.99567956108,7.54796658229233,542.0447838753201,2.080714761248941,1.036067952128196
997,997,138095.65504879542,7.54115502115319,542.0355407446416,2.0810962552498755,1.036448464617418
998,998,137973.5288867355,7.534355742933356,542.0263065324283,2.0814773778639934,1.036828585108377
999,999,137851.61663176914,7.527568714439071,542.0170812216239,2.0818581297861645,1.0372083143602633
1000,1000,137729.91772423955,7.520793902596075,542.0078647952208,2.082238511709334,1.0375876531301205
