"Density","Energy","Mach","Momentum:0","Momentum:1","Momentum:2","Pressure","Pressure_Coefficient","Temperature","vtkValidPointMask","arc_length","Points:0","Points:1","Points:2"
29.303,2.24e+07,1.0039,5146.3,0.0032256,0,9.2887e+05,0.068773,663.93,,0,-1,0.1,0
29.303,2.24e+07,1.0039,5146.3,0.0033102,0,9.2887e+05,0.068766,663.93,,0.002,-0.998,0.1,0
29.303,2.24e+07,1.004,5146.3,0.0033948,0,9.2887e+05,0.068758,663.93,,0.004,-0.996,0.1,0
29.303,2.24e+07,1.004,5146.3,0.0034794,0,9.2886e+05,0.068751,663.93,,0.006,-0.994,0.1,0
29.302,2.24e+07,1.004,5146.3,0.003564,0,9.2886e+05,0.068744,663.93,,0.008,-0.992,0.1,0
29.302,2.24e+07,1.004,5146.3,0.0036486,0,9.2886e+05,0.068736,663.93,,0.01,-0.99,0.1,0
29.302,2.24e+07,1.004,5146.3,0.0037332,0,9.2885e+05,0.068729,663.93,,0.012,-0.988,0.1,0
29.302,2.24e+07,1.004,5146.3,0.0038177,0,9.2885e+05,0.068722,663.93,,0.014,-0.986,0.1,0
29.302,2.2399e+07,1.004,5146.3,0.0039023,0,9.2885e+05,0.068715,663.93,,0.016,-0.984,0.1,0
29.302,2.2399e+07,1.004,5146.3,0.0038372,0,9.2884e+05,0.068708,663.93,,0.018,-0.982,0.1,0
29.302,2.2399e+07,1.004,5146.3,0.0037653,0,9.2884e+05,0.0687,663.93,,0.02,-0.98,0.1,0
29.302,2.2399e+07,1.004,5146.3,0.0036935,0,9.2884e+05,0.068693,663.93,,0.022,-0.978,0.1,0
29.302,2.2399e+07,1.004,5146.3,0.0036216,0,9.2884e+05,0.068686,663.93,,0.024,-0.976,0.1,0
29.302,2.2399e+07,1.004,5146.3,0.0035498,0,9.2883e+05,0.068679,663.93,,0.026,-0.974,0.1,0
29.301,2.2399e+07,1.004,5146.4,0.0034779,0,9.2883e+05,0.068672,663.93,,0.028,-0.972,0.1,0
29.301,2.2399e+07,1.004,5146.4,0.0034061,0,9.2883e+05,0.068665,663.93,,0.03,-0.97,0.1,0
29.301,2.2399e+07,1.004,5146.4,0.0033343,0,9.2882e+05,0.068658,663.93,,0.032,-0.968,0.1,0
29.301,2.2399e+07,1.004,5146.4,0.0032624,0,9.2882e+05,0.068651,663.93,,0.034,-0.966,0.1,0
29.301,2.2399e+07,1.004,5146.4,0.0031906,0,9.2882e+05,0.068644,663.93,,0.036,-0.964,0.1,0
29.301,2.2399e+07,1.004,5146.4,0.0031187,0,9.2882e+05,0.068636,663.93,,0.038,-0.962,0.1,0
29.301,2.2399e+07,1.004,5146.4,0.0030469,0,9.2881e+05,0.068629,663.93,,0.04,-0.96,0.1,0
29.301,2.2399e+07,1.004,5146.4,0.002975,0,9.2881e+05,0.068622,663.93,,0.042,-0.958,0.1,0
29.301,2.2398e+07,1.004,5146.4,0.0029032,0,9.2881e+05,0.068615,663.93,,0.044,-0.956,0.1,0
29.3,2.2398e+07,1.004,5146.4,0.0028313,0,9.288e+05,0.068608,663.93,,0.046,-0.954,0.1,0
29.3,2.2398e+07,1.004,5146.4,0.0027595,0,9.288e+05,0.068601,663.93,,0.048,-0.952,0.1,0
29.3,2.2398e+07,1.004,5146.4,0.0026876,0,9.288e+05,0.068594,663.93,,0.05,-0.95,0.1,0
29.3,2.2398e+07,1.004,5146.4,0.0026158,0,9.2879e+05,0.068587,663.93,,0.052,-0.948,0.1,0
29.3,2.2398e+07,1.0041,5146.4,0.0025439,0,9.2879e+05,0.06858,663.93,,0.054,-0.946,0.1,0
29.3,2.2398e+07,1.0041,5146.4,0.0024721,0,9.2879e+05,0.068572,663.93,,0.056,-0.944,0.1,0
29.3,2.2398e+07,1.0041,5146.4,0.0024003,0,9.2879e+05,0.068565,663.93,,0.058,-0.942,0.1,0
29.3,2.2398e+07,1.0041,5146.4,0.0023284,0,9.2878e+05,0.068558,663.93,,0.06,-0.94,0.1,0
29.3,2.2398e+07,1.0041,5146.4,0.0022566,0,9.2878e+05,0.068551,663.93,,0.062,-0.938,0.1,0
29.3,2.2398e+07,1.0041,5146.4,0.0021847,0,9.2878e+05,0.068544,663.93,,0.064,-0.936,0.1,0
29.299,2.2398e+07,1.0041,5146.4,0.0021129,0,9.2877e+05,0.068537,663.93,,0.066,-0.934,0.1,0
29.299,2.2398e+07,1.0041,5146.4,0.0020271,0,9.2877e+05,0.068529,663.93,,0.068,-0.932,0.1,0
29.299,2.2397e+07,1.0041,5146.4,0.0018845,0,9.2877e+05,0.068519,663.93,,0.07,-0.93,0.1,0
29.299,2.2397e+07,1.0041,5146.4,0.0017419,0,9.2876e+05,0.068509,663.93,,0.072,-0.928,0.1,0
29.299,2.2397e+07,1.0041,5146.4,0.0015994,0,9.2876e+05,0.068499,663.93,,0.074,-0.926,0.1,0
29.299,2.2397e+07,1.0041,5146.4,0.0014568,0,9.2875e+05,0.068489,663.93,,0.076,-0.924,0.1,0
29.299,2.2397e+07,1.0041,5146.4,0.0013142,0,9.2875e+05,0.068479,663.93,,0.078,-0.922,0.1,0
29.298,2.2397e+07,1.0041,5146.4,0.0011716,0,9.2874e+05,0.068469,663.93,,0.08,-0.92,0.1,0
29.298,2.2397e+07,1.0041,5146.4,0.001029,0,9.2874e+05,0.068459,663.93,,0.082,-0.918,0.1,0
29.298,2.2397e+07,1.0041,5146.4,0.00088645,0,9.2874e+05,0.068448,663.93,,0.084,-0.916,0.1,0
29.298,2.2397e+07,1.0041,5146.4,0.00074387,0,9.2873e+05,0.068438,663.93,,0.086,-0.914,0.1,0
29.298,2.2397e+07,1.0041,5146.4,0.00060129,0,9.2873e+05,0.068428,663.93,,0.088,-0.912,0.1,0
29.298,2.2396e+07,1.0041,5146.4,0.00045871,0,9.2872e+05,0.068418,663.93,,0.09,-0.91,0.1,0
29.298,2.2396e+07,1.0041,5146.4,0.00031612,0,9.2872e+05,0.068408,663.93,,0.092,-0.908,0.1,0
29.298,2.2396e+07,1.0041,5146.4,0.00017354,0,9.2871e+05,0.068398,663.93,,0.094,-0.906,0.1,0
29.297,2.2396e+07,1.0041,5146.4,3.0959e-05,0,9.2871e+05,0.068388,663.93,,0.096,-0.904,0.1,0
29.297,2.2396e+07,1.0042,5146.4,-0.00011162,0,9.2871e+05,0.068378,663.93,,0.098,-0.902,0.1,0
29.297,2.2396e+07,1.0042,5146.4,-0.0002542,0,9.287e+05,0.068368,663.93,,0.1,-0.9,0.1,0
29.297,2.2396e+07,1.0042,5146.4,-0.00039678,0,9.287e+05,0.068358,663.93,,0.102,-0.898,0.1,0
29.297,2.2396e+07,1.0042,5146.4,-0.00053936,0,9.2869e+05,0.068347,663.93,,0.104,-0.896,0.1,0
29.297,2.2396e+07,1.0042,5146.4,-0.00068195,0,9.2869e+05,0.068337,663.93,,0.106,-0.894,0.1,0
29.297,2.2395e+07,1.0042,5146.4,-0.00091165,0,9.2869e+05,0.068327,663.93,,0.108,-0.892,0.1,0
29.296,2.2395e+07,1.0042,5146.4,-0.0011995,0,9.2868e+05,0.068316,663.93,,0.11,-0.89,0.1,0
29.296,2.2395e+07,1.0042,5146.4,-0.0014873,0,9.2868e+05,0.068306,663.93,,0.112,-0.888,0.1,0
29.296,2.2395e+07,1.0042,5146.4,-0.0017751,0,9.2867e+05,0.068295,663.93,,0.114,-0.886,0.1,0
29.296,2.2395e+07,1.0042,5146.4,-0.002063,0,9.2867e+05,0.068285,663.93,,0.116,-0.884,0.1,0
29.296,2.2395e+07,1.0042,5146.4,-0.0023508,0,9.2866e+05,0.068274,663.93,,0.118,-0.882,0.1,0
29.296,2.2395e+07,1.0042,5146.4,-0.0026386,0,9.2866e+05,0.068264,663.93,,0.12,-0.88,0.1,0
29.295,2.2395e+07,1.0042,5146.4,-0.0029265,0,9.2865e+05,0.068253,663.93,,0.122,-0.878,0.1,0
29.295,2.2395e+07,1.0042,5146.4,-0.0032143,0,9.2865e+05,0.068243,663.93,,0.124,-0.876,0.1,0
29.295,2.2394e+07,1.0042,5146.4,-0.0035021,0,9.2865e+05,0.068232,663.93,,0.126,-0.874,0.1,0
29.295,2.2394e+07,1.0042,5146.4,-0.00379,0,9.2864e+05,0.068222,663.93,,0.128,-0.872,0.1,0
29.295,2.2394e+07,1.0042,5146.4,-0.0040778,0,9.2864e+05,0.068211,663.93,,0.13,-0.87,0.1,0
29.295,2.2394e+07,1.0042,5146.4,-0.0043656,0,9.2863e+05,0.0682,663.93,,0.132,-0.868,0.1,0
29.295,2.2394e+07,1.0042,5146.4,-0.0046534,0,9.2863e+05,0.06819,663.93,,0.134,-0.866,0.1,0
29.294,2.2394e+07,1.0042,5146.4,-0.0049413,0,9.2862e+05,0.068179,663.93,,0.136,-0.864,0.1,0
29.294,2.2394e+07,1.0042,5146.5,-0.0052291,0,9.2862e+05,0.068169,663.93,,0.138,-0.862,0.1,0
29.294,2.2394e+07,1.0043,5146.5,-0.0055169,0,9.2861e+05,0.068158,663.93,,0.14,-0.86,0.1,0
29.294,2.2394e+07,1.0043,5146.5,-0.0058048,0,9.2861e+05,0.068148,663.93,,0.142,-0.858,0.1,0
29.294,2.2394e+07,1.0043,5146.5,-0.0060151,0,9.2861e+05,0.068137,663.93,,0.144,-0.856,0.1,0
29.294,2.2393e+07,1.0043,5146.5,-0.0059185,0,9.286e+05,0.068125,663.93,,0.146,-0.854,0.1,0
29.294,2.2393e+07,1.0043,5146.5,-0.0058219,0,9.286e+05,0.068112,663.93,,0.148,-0.852,0.1,0
29.293,2.2393e+07,1.0043,5146.5,-0.0057253,0,9.2859e+05,0.0681,663.93,,0.15,-0.85,0.1,0
29.293,2.2393e+07,1.0043,5146.5,-0.0056287,0,9.2858e+05,0.068088,663.93,,0.152,-0.848,0.1,0
29.293,2.2393e+07,1.0043,5146.5,-0.0055321,0,9.2858e+05,0.068076,663.93,,0.154,-0.846,0.1,0
29.293,2.2393e+07,1.0043,5146.5,-0.0054355,0,9.2857e+05,0.068064,663.93,,0.156,-0.844,0.1,0
29.293,2.2393e+07,1.0043,5146.5,-0.0053389,0,9.2857e+05,0.068051,663.93,,0.158,-0.842,0.1,0
29.293,2.2392e+07,1.0043,5146.5,-0.0052423,0,9.2856e+05,0.068039,663.93,,0.16,-0.84,0.1,0
29.292,2.2392e+07,1.0043,5146.5,-0.0051457,0,9.2856e+05,0.068027,663.93,,0.162,-0.838,0.1,0
29.292,2.2392e+07,1.0043,5146.5,-0.0050491,0,9.2855e+05,0.068015,663.92,,0.164,-0.836,0.1,0
29.292,2.2392e+07,1.0043,5146.5,-0.0049525,0,9.2855e+05,0.068003,663.92,,0.166,-0.834,0.1,0
29.292,2.2392e+07,1.0043,5146.5,-0.0048559,0,9.2854e+05,0.06799,663.92,,0.168,-0.832,0.1,0
29.292,2.2392e+07,1.0043,5146.5,-0.0047593,0,9.2854e+05,0.067978,663.92,,0.17,-0.83,0.1,0
29.292,2.2392e+07,1.0043,5146.5,-0.0046627,0,9.2853e+05,0.067966,663.92,,0.172,-0.828,0.1,0
29.291,2.2392e+07,1.0043,5146.5,-0.0045661,0,9.2853e+05,0.067954,663.92,,0.174,-0.826,0.1,0
29.291,2.2391e+07,1.0044,5146.5,-0.0044695,0,9.2852e+05,0.067942,663.92,,0.176,-0.824,0.1,0
29.291,2.2391e+07,1.0044,5146.5,-0.0043729,0,9.2852e+05,0.067929,663.92,,0.178,-0.822,0.1,0
29.291,2.2391e+07,1.0044,5146.5,-0.0042763,0,9.2851e+05,0.067917,663.92,,0.18,-0.82,0.1,0
29.291,2.2391e+07,1.0044,5146.5,-0.0041797,0,9.2851e+05,0.067905,663.92,,0.182,-0.818,0.1,0
29.291,2.2391e+07,1.0044,5146.5,-0.004083,0,9.285e+05,0.067893,663.92,,0.184,-0.816,0.1,0
29.29,2.2391e+07,1.0044,5146.5,-0.0039864,0,9.285e+05,0.067881,663.92,,0.186,-0.814,0.1,0
29.29,2.2391e+07,1.0044,5146.5,-0.0038898,0,9.2849e+05,0.067868,663.92,,0.188,-0.812,0.1,0
29.29,2.2391e+07,1.0044,5146.5,-0.0037932,0,9.2849e+05,0.067856,663.92,,0.19,-0.81,0.1,0
29.29,2.239e+07,1.0044,5146.5,-0.0036966,0,9.2848e+05,0.067844,663.92,,0.192,-0.808,0.1,0
29.29,2.239e+07,1.0044,5146.5,-0.0036,0,9.2848e+05,0.067832,663.92,,0.194,-0.806,0.1,0
29.289,2.239e+07,1.0044,5146.5,-0.0035034,0,9.2847e+05,0.06782,663.92,,0.196,-0.804,0.1,0
29.289,2.239e+07,1.0044,5146.5,-0.0034068,0,9.2847e+05,0.067807,663.92,,0.198,-0.802,0.1,0
29.289,2.239e+07,1.0044,5146.5,-0.0033102,0,9.2846e+05,0.067795,663.92,,0.2,-0.8,0.1,0
29.289,2.239e+07,1.0044,5146.5,-0.0032136,0,9.2846e+05,0.067783,663.92,,0.202,-0.798,0.1,0
29.289,2.239e+07,1.0044,5146.5,-0.003117,0,9.2845e+05,0.067771,663.92,,0.204,-0.796,0.1,0
29.289,2.239e+07,1.0044,5146.5,-0.0030204,0,9.2845e+05,0.067758,663.92,,0.206,-0.794,0.1,0
29.288,2.2389e+07,1.0044,5146.5,-0.0029238,0,9.2844e+05,0.067746,663.92,,0.208,-0.792,0.1,0
29.288,2.2389e+07,1.0044,5146.5,-0.0028272,0,9.2844e+05,0.067734,663.92,,0.21,-0.79,0.1,0
29.288,2.2389e+07,1.0045,5146.5,-0.0027306,0,9.2843e+05,0.067722,663.92,,0.212,-0.788,0.1,0
29.288,2.2389e+07,1.0045,5146.5,-0.0027132,0,9.2843e+05,0.067709,663.92,,0.214,-0.786,0.1,0
29.288,2.2389e+07,1.0045,5146.5,-0.0027232,0,9.2842e+05,0.067696,663.92,,0.216,-0.784,0.1,0
29.288,2.2389e+07,1.0045,5146.5,-0.0027332,0,9.2841e+05,0.067683,663.92,,0.218,-0.782,0.1,0
29.287,2.2389e+07,1.0045,5146.5,-0.0027432,0,9.2841e+05,0.067669,663.92,,0.22,-0.78,0.1,0
29.287,2.2388e+07,1.0045,5146.5,-0.0027533,0,9.284e+05,0.067656,663.92,,0.222,-0.778,0.1,0
29.287,2.2388e+07,1.0045,5146.5,-0.0027633,0,9.284e+05,0.067643,663.92,,0.224,-0.776,0.1,0
29.287,2.2388e+07,1.0045,5146.5,-0.0027733,0,9.2839e+05,0.06763,663.92,,0.226,-0.774,0.1,0
29.287,2.2388e+07,1.0045,5146.5,-0.0027833,0,9.2839e+05,0.067617,663.92,,0.228,-0.772,0.1,0
29.287,2.2388e+07,1.0045,5146.5,-0.0027933,0,9.2838e+05,0.067604,663.92,,0.23,-0.77,0.1,0
29.286,2.2388e+07,1.0045,5146.5,-0.0028033,0,9.2838e+05,0.06759,663.92,,0.232,-0.768,0.1,0
29.286,2.2388e+07,1.0045,5146.5,-0.0028133,0,9.2837e+05,0.067577,663.92,,0.234,-0.766,0.1,0
29.286,2.2387e+07,1.0045,5146.5,-0.0028034,0,9.2836e+05,0.067564,663.92,,0.236,-0.764,0.1,0
29.286,2.2387e+07,1.0045,5146.5,-0.0025284,0,9.2836e+05,0.06755,663.92,,0.238,-0.762,0.1,0
29.286,2.2387e+07,1.0045,5146.5,-0.0022535,0,9.2835e+05,0.067535,663.92,,0.24,-0.76,0.1,0
29.285,2.2387e+07,1.0045,5146.5,-0.0019786,0,9.2835e+05,0.067521,663.92,,0.242,-0.758,0.1,0
29.285,2.2387e+07,1.0046,5146.5,-0.0017037,0,9.2834e+05,0.067507,663.92,,0.244,-0.756,0.1,0
29.285,2.2387e+07,1.0046,5146.5,-0.0014287,0,9.2833e+05,0.067492,663.92,,0.246,-0.754,0.1,0
29.285,2.2387e+07,1.0046,5146.5,-0.0011538,0,9.2833e+05,0.067478,663.92,,0.248,-0.752,0.1,0
29.285,2.2386e+07,1.0046,5146.5,-0.00087888,0,9.2832e+05,0.067464,663.92,,0.25,-0.75,0.1,0
29.284,2.2386e+07,1.0046,5146.5,-0.00060396,0,9.2832e+05,0.067449,663.92,,0.252,-0.748,0.1,0
29.284,2.2386e+07,1.0046,5146.5,-0.00032903,0,9.2831e+05,0.067435,663.92,,0.254,-0.746,0.1,0
29.284,2.2386e+07,1.0046,5146.5,-5.4107e-05,0,9.283e+05,0.067421,663.92,,0.256,-0.744,0.1,0
29.284,2.2386e+07,1.0046,5146.5,0.00022082,0,9.283e+05,0.067407,663.92,,0.258,-0.742,0.1,0
29.284,2.2386e+07,1.0046,5146.5,0.00049574,0,9.2829e+05,0.067392,663.92,,0.26,-0.74,0.1,0
29.283,2.2386e+07,1.0046,5146.5,0.00077067,0,9.2829e+05,0.067378,663.92,,0.262,-0.738,0.1,0
29.283,2.2385e+07,1.0046,5146.5,0.0010456,0,9.2828e+05,0.067364,663.92,,0.264,-0.736,0.1,0
29.283,2.2385e+07,1.0046,5146.5,0.0013205,0,9.2827e+05,0.067349,663.92,,0.266,-0.734,0.1,0
29.283,2.2385e+07,1.0046,5146.5,0.0015954,0,9.2827e+05,0.067335,663.92,,0.268,-0.732,0.1,0
29.283,2.2385e+07,1.0046,5146.5,0.0018704,0,9.2826e+05,0.067321,663.92,,0.27,-0.73,0.1,0
29.282,2.2385e+07,1.0046,5146.5,0.0021453,0,9.2826e+05,0.067306,663.92,,0.272,-0.728,0.1,0
29.282,2.2385e+07,1.0047,5146.5,0.0024202,0,9.2825e+05,0.067292,663.92,,0.274,-0.726,0.1,0
29.282,2.2384e+07,1.0047,5146.5,0.0026951,0,9.2824e+05,0.067278,663.92,,0.276,-0.724,0.1,0
29.282,2.2384e+07,1.0047,5146.5,0.0029701,0,9.2824e+05,0.067263,663.92,,0.278,-0.722,0.1,0
29.282,2.2384e+07,1.0047,5146.5,0.003245,0,9.2823e+05,0.067249,663.92,,0.28,-0.72,0.1,0
29.282,2.2384e+07,1.0047,5146.5,0.0035199,0,9.2823e+05,0.067235,663.92,,0.282,-0.718,0.1,0
29.281,2.2384e+07,1.0047,5146.5,0.0037948,0,9.2822e+05,0.067221,663.92,,0.284,-0.716,0.1,0
29.281,2.2384e+07,1.0047,5146.5,0.0040698,0,9.2821e+05,0.067206,663.92,,0.286,-0.714,0.1,0
29.281,2.2384e+07,1.0047,5146.5,0.0043447,0,9.2821e+05,0.067192,663.92,,0.288,-0.712,0.1,0
29.281,2.2383e+07,1.0047,5146.5,0.0046196,0,9.282e+05,0.067178,663.92,,0.29,-0.71,0.1,0
29.281,2.2383e+07,1.0047,5146.5,0.0048945,0,9.282e+05,0.067163,663.92,,0.292,-0.708,0.1,0
29.28,2.2383e+07,1.0047,5146.5,0.0051695,0,9.2819e+05,0.067149,663.92,,0.294,-0.706,0.1,0
29.28,2.2383e+07,1.0047,5146.5,0.0054444,0,9.2818e+05,0.067135,663.92,,0.296,-0.704,0.1,0
29.28,2.2383e+07,1.0047,5146.5,0.0057193,0,9.2818e+05,0.06712,663.92,,0.298,-0.702,0.1,0
29.28,2.2383e+07,1.0047,5146.5,0.0059942,0,9.2817e+05,0.067106,663.92,,0.3,-0.7,0.1,0
29.28,2.2383e+07,1.0047,5146.5,0.0062692,0,9.2817e+05,0.067092,663.92,,0.302,-0.698,0.1,0
29.279,2.2382e+07,1.0047,5146.5,0.0065441,0,9.2816e+05,0.067078,663.92,,0.304,-0.696,0.1,0
29.279,2.2382e+07,1.0048,5146.5,0.006819,0,9.2815e+05,0.067063,663.92,,0.306,-0.694,0.1,0
29.279,2.2382e+07,1.0048,5146.5,0.0070939,0,9.2815e+05,0.067049,663.92,,0.308,-0.692,0.1,0
29.279,2.2382e+07,1.0048,5146.5,0.007336,0,9.2814e+05,0.067034,663.92,,0.31,-0.69,0.1,0
29.279,2.2382e+07,1.0048,5146.5,0.0075726,0,9.2814e+05,0.067018,663.92,,0.312,-0.688,0.1,0
29.278,2.2382e+07,1.0048,5146.5,0.0078092,0,9.2813e+05,0.067002,663.92,,0.314,-0.686,0.1,0
29.278,2.2381e+07,1.0048,5146.5,0.0080459,0,9.2812e+05,0.066987,663.92,,0.316,-0.684,0.1,0
29.278,2.2381e+07,1.0048,5146.5,0.0082825,0,9.2812e+05,0.066971,663.92,,0.318,-0.682,0.1,0
29.278,2.2381e+07,1.0048,5146.5,0.0085191,0,9.2811e+05,0.066956,663.92,,0.32,-0.68,0.1,0
29.278,2.2381e+07,1.0048,5146.5,0.0087557,0,9.281e+05,0.06694,663.91,,0.322,-0.678,0.1,0
29.277,2.2381e+07,1.0048,5146.5,0.0089924,0,9.281e+05,0.066925,663.91,,0.324,-0.676,0.1,0
29.277,2.2381e+07,1.0048,5146.5,0.009229,0,9.2809e+05,0.066909,663.91,,0.326,-0.674,0.1,0
29.277,2.238e+07,1.0048,5146.5,0.0094656,0,9.2808e+05,0.066894,663.91,,0.328,-0.672,0.1,0
29.277,2.238e+07,1.0048,5146.5,0.0097409,0,9.2808e+05,0.066877,663.91,,0.33,-0.67,0.1,0
29.276,2.238e+07,1.0048,5146.5,0.010051,0,9.2807e+05,0.06686,663.91,,0.332,-0.668,0.1,0
29.276,2.238e+07,1.0049,5146.5,0.010362,0,9.2806e+05,0.066843,663.91,,0.334,-0.666,0.1,0
29.276,2.238e+07,1.0049,5146.5,0.010672,0,9.2806e+05,0.066826,663.91,,0.336,-0.664,0.1,0
29.276,2.238e+07,1.0049,5146.5,0.010982,0,9.2805e+05,0.066809,663.91,,0.338,-0.662,0.1,0
29.276,2.2379e+07,1.0049,5146.5,0.011293,0,9.2804e+05,0.066792,663.91,,0.34,-0.66,0.1,0
29.275,2.2379e+07,1.0049,5146.5,0.011603,0,9.2803e+05,0.066776,663.91,,0.342,-0.658,0.1,0
29.275,2.2379e+07,1.0049,5146.5,0.011914,0,9.2803e+05,0.066759,663.91,,0.344,-0.656,0.1,0
29.275,2.2379e+07,1.0049,5146.5,0.012224,0,9.2802e+05,0.066742,663.91,,0.346,-0.654,0.1,0
29.275,2.2379e+07,1.0049,5146.5,0.012534,0,9.2801e+05,0.066725,663.91,,0.348,-0.652,0.1,0
29.274,2.2378e+07,1.0049,5146.5,0.012845,0,9.2801e+05,0.066708,663.91,,0.35,-0.65,0.1,0
29.274,2.2378e+07,1.0049,5146.5,0.013155,0,9.28e+05,0.066691,663.91,,0.352,-0.648,0.1,0
29.274,2.2378e+07,1.0049,5146.5,0.013466,0,9.2799e+05,0.066674,663.91,,0.354,-0.646,0.1,0
29.274,2.2378e+07,1.0049,5146.5,0.013776,0,9.2798e+05,0.066657,663.91,,0.356,-0.644,0.1,0
29.273,2.2378e+07,1.005,5146.5,0.014086,0,9.2798e+05,0.06664,663.91,,0.358,-0.642,0.1,0
29.273,2.2378e+07,1.005,5146.5,0.014397,0,9.2797e+05,0.066623,663.91,,0.36,-0.64,0.1,0
29.273,2.2377e+07,1.005,5146.5,0.014707,0,9.2796e+05,0.066606,663.91,,0.362,-0.638,0.1,0
29.273,2.2377e+07,1.005,5146.5,0.015017,0,9.2796e+05,0.066589,663.91,,0.364,-0.636,0.1,0
29.273,2.2377e+07,1.005,5146.5,0.015328,0,9.2795e+05,0.066572,663.91,,0.366,-0.634,0.1,0
29.272,2.2377e+07,1.005,5146.5,0.015638,0,9.2794e+05,0.066555,663.91,,0.368,-0.632,0.1,0
29.272,2.2377e+07,1.005,5146.5,0.015949,0,9.2793e+05,0.066538,663.91,,0.37,-0.63,0.1,0
29.272,2.2376e+07,1.005,5146.5,0.016259,0,9.2793e+05,0.066521,663.91,,0.372,-0.628,0.1,0
29.272,2.2376e+07,1.005,5146.5,0.016569,0,9.2792e+05,0.066504,663.91,,0.374,-0.626,0.1,0
29.271,2.2376e+07,1.005,5146.5,0.01688,0,9.2791e+05,0.066487,663.91,,0.376,-0.624,0.1,0
29.271,2.2376e+07,1.005,5146.5,0.01719,0,9.2791e+05,0.06647,663.91,,0.378,-0.622,0.1,0
29.271,2.2376e+07,1.005,5146.5,0.017501,0,9.279e+05,0.066453,663.91,,0.38,-0.62,0.1,0
29.271,2.2376e+07,1.005,5146.5,0.017811,0,9.2789e+05,0.066436,663.91,,0.382,-0.618,0.1,0
29.27,2.2375e+07,1.0051,5146.5,0.018121,0,9.2788e+05,0.066419,663.91,,0.384,-0.616,0.1,0
29.27,2.2375e+07,1.0051,5146.5,0.018432,0,9.2788e+05,0.066402,663.91,,0.386,-0.614,0.1,0
29.27,2.2375e+07,1.0051,5146.5,0.018742,0,9.2787e+05,0.066385,663.91,,0.388,-0.612,0.1,0
29.27,2.2375e+07,1.0051,5146.5,0.019053,0,9.2786e+05,0.066368,663.91,,0.39,-0.61,0.1,0
29.27,2.2375e+07,1.0051,5146.5,0.019363,0,9.2786e+05,0.066351,663.91,,0.392,-0.608,0.1,0
29.269,2.2375e+07,1.0051,5146.5,0.019673,0,9.2785e+05,0.066334,663.91,,0.394,-0.606,0.1,0
29.269,2.2374e+07,1.0051,5146.5,0.019984,0,9.2784e+05,0.066317,663.91,,0.396,-0.604,0.1,0
29.269,2.2374e+07,1.0051,5146.5,0.020294,0,9.2783e+05,0.0663,663.91,,0.398,-0.602,0.1,0
29.269,2.2374e+07,1.0051,5146.5,0.020604,0,9.2783e+05,0.066283,663.91,,0.4,-0.6,0.1,0
29.268,2.2374e+07,1.0051,5146.5,0.020915,0,9.2782e+05,0.066266,663.91,,0.402,-0.598,0.1,0
29.268,2.2374e+07,1.0051,5146.5,0.021191,0,9.2781e+05,0.066249,663.91,,0.404,-0.596,0.1,0
29.268,2.2373e+07,1.0051,5146.5,0.021386,0,9.278e+05,0.066231,663.91,,0.406,-0.594,0.1,0
29.268,2.2373e+07,1.0051,5146.5,0.021582,0,9.278e+05,0.066212,663.91,,0.408,-0.592,0.1,0
29.267,2.2373e+07,1.0052,5146.5,0.021777,0,9.2779e+05,0.066194,663.91,,0.41,-0.59,0.1,0
29.267,2.2373e+07,1.0052,5146.5,0.021972,0,9.2778e+05,0.066175,663.91,,0.412,-0.588,0.1,0
29.267,2.2373e+07,1.0052,5146.5,0.022168,0,9.2777e+05,0.066157,663.91,,0.414,-0.586,0.1,0
29.267,2.2372e+07,1.0052,5146.5,0.022363,0,9.2777e+05,0.066138,663.91,,0.416,-0.584,0.1,0
29.266,2.2372e+07,1.0052,5146.5,0.022558,0,9.2776e+05,0.06612,663.91,,0.418,-0.582,0.1,0
29.266,2.2372e+07,1.0052,5146.5,0.022753,0,9.2775e+05,0.066102,663.91,,0.42,-0.58,0.1,0
29.266,2.2372e+07,1.0052,5146.5,0.022949,0,9.2774e+05,0.066083,663.91,,0.422,-0.578,0.1,0
29.266,2.2372e+07,1.0052,5146.5,0.023045,0,9.2773e+05,0.066063,663.91,,0.424,-0.576,0.1,0
29.265,2.2371e+07,1.0052,5146.5,0.02312,0,9.2773e+05,0.066043,663.91,,0.426,-0.574,0.1,0
29.265,2.2371e+07,1.0052,5146.5,0.023196,0,9.2772e+05,0.066023,663.91,,0.428,-0.572,0.1,0
29.265,2.2371e+07,1.0052,5146.5,0.023271,0,9.2771e+05,0.066002,663.9,,0.43,-0.57,0.1,0
29.265,2.2371e+07,1.0053,5146.5,0.023347,0,9.277e+05,0.065982,663.9,,0.432,-0.568,0.1,0
29.264,2.2371e+07,1.0053,5146.5,0.023422,0,9.2769e+05,0.065962,663.9,,0.434,-0.566,0.1,0
29.264,2.237e+07,1.0053,5146.5,0.023498,0,9.2768e+05,0.065941,663.9,,0.436,-0.564,0.1,0
29.264,2.237e+07,1.0053,5146.5,0.023573,0,9.2767e+05,0.065921,663.9,,0.438,-0.562,0.1,0
29.263,2.237e+07,1.0053,5146.5,0.023649,0,9.2767e+05,0.065901,663.9,,0.44,-0.56,0.1,0
29.263,2.237e+07,1.0053,5146.5,0.023724,0,9.2766e+05,0.06588,663.9,,0.442,-0.558,0.1,0
29.263,2.237e+07,1.0053,5146.5,0.023799,0,9.2765e+05,0.06586,663.9,,0.444,-0.556,0.1,0
29.263,2.2369e+07,1.0053,5146.5,0.023875,0,9.2764e+05,0.06584,663.9,,0.446,-0.554,0.1,0
29.262,2.2369e+07,1.0053,5146.5,0.02395,0,9.2763e+05,0.065819,663.9,,0.448,-0.552,0.1,0
29.262,2.2369e+07,1.0053,5146.5,0.024026,0,9.2762e+05,0.065799,663.9,,0.45,-0.55,0.1,0
29.262,2.2369e+07,1.0053,5146.5,0.024101,0,9.2762e+05,0.065779,663.9,,0.452,-0.548,0.1,0
29.261,2.2368e+07,1.0054,5146.5,0.024177,0,9.2761e+05,0.065758,663.9,,0.454,-0.546,0.1,0
29.261,2.2368e+07,1.0054,5146.5,0.024252,0,9.276e+05,0.065738,663.9,,0.456,-0.544,0.1,0
29.261,2.2368e+07,1.0054,5146.5,0.024328,0,9.2759e+05,0.065718,663.9,,0.458,-0.542,0.1,0
29.261,2.2368e+07,1.0054,5146.5,0.024403,0,9.2758e+05,0.065697,663.9,,0.46,-0.54,0.1,0
29.26,2.2368e+07,1.0054,5146.6,0.024479,0,9.2757e+05,0.065677,663.9,,0.462,-0.538,0.1,0
29.26,2.2367e+07,1.0054,5146.6,0.024554,0,9.2756e+05,0.065657,663.9,,0.464,-0.536,0.1,0
29.26,2.2367e+07,1.0054,5146.6,0.02463,0,9.2756e+05,0.065637,663.9,,0.466,-0.534,0.1,0
29.26,2.2367e+07,1.0054,5146.6,0.024705,0,9.2755e+05,0.065616,663.9,,0.468,-0.532,0.1,0
29.259,2.2367e+07,1.0054,5146.6,0.02478,0,9.2754e+05,0.065596,663.9,,0.47,-0.53,0.1,0
29.259,2.2367e+07,1.0054,5146.6,0.024856,0,9.2753e+05,0.065576,663.9,,0.472,-0.528,0.1,0
29.259,2.2366e+07,1.0054,5146.6,0.024931,0,9.2752e+05,0.065555,663.9,,0.474,-0.526,0.1,0
29.258,2.2366e+07,1.0055,5146.6,0.025007,0,9.2751e+05,0.065535,663.9,,0.476,-0.524,0.1,0
29.258,2.2366e+07,1.0055,5146.6,0.025082,0,9.275e+05,0.065515,663.9,,0.478,-0.522,0.1,0
29.258,2.2366e+07,1.0055,5146.6,0.025158,0,9.275e+05,0.065494,663.9,,0.48,-0.52,0.1,0
29.258,2.2365e+07,1.0055,5146.6,0.025233,0,9.2749e+05,0.065474,663.9,,0.482,-0.518,0.1,0
29.257,2.2365e+07,1.0055,5146.6,0.025309,0,9.2748e+05,0.065454,663.9,,0.484,-0.516,0.1,0
29.257,2.2365e+07,1.0055,5146.6,0.025384,0,9.2747e+05,0.065433,663.9,,0.486,-0.514,0.1,0
29.257,2.2365e+07,1.0055,5146.6,0.02546,0,9.2746e+05,0.065413,663.9,,0.488,-0.512,0.1,0
29.257,2.2365e+07,1.0055,5146.6,0.025535,0,9.2745e+05,0.065393,663.9,,0.49,-0.51,0.1,0
29.256,2.2364e+07,1.0055,5146.6,0.02561,0,9.2744e+05,0.065372,663.9,,0.492,-0.508,0.1,0
29.256,2.2364e+07,1.0055,5146.6,0.025686,0,9.2744e+05,0.065352,663.9,,0.494,-0.506,0.1,0
29.256,2.2364e+07,1.0055,5146.6,0.025761,0,9.2743e+05,0.065332,663.9,,0.496,-0.504,0.1,0
29.255,2.2364e+07,1.0056,5146.6,0.025837,0,9.2742e+05,0.065311,663.9,,0.498,-0.502,0.1,0
29.255,2.2364e+07,1.0056,5146.6,0.02588,0,9.2741e+05,0.06529,663.9,,0.5,-0.5,0.1,0
29.255,2.2363e+07,1.0056,5146.6,0.025906,0,9.274e+05,0.065268,663.9,,0.502,-0.498,0.1,0
29.255,2.2363e+07,1.0056,5146.6,0.025933,0,9.2739e+05,0.065246,663.9,,0.504,-0.496,0.1,0
29.254,2.2363e+07,1.0056,5146.6,0.025959,0,9.2738e+05,0.065224,663.9,,0.506,-0.494,0.1,0
29.254,2.2363e+07,1.0056,5146.6,0.025985,0,9.2737e+05,0.065202,663.9,,0.508,-0.492,0.1,0
29.254,2.2362e+07,1.0056,5146.6,0.026011,0,9.2736e+05,0.06518,663.9,,0.51,-0.49,0.1,0
29.253,2.2362e+07,1.0056,5146.6,0.026037,0,9.2735e+05,0.065157,663.9,,0.512,-0.488,0.1,0
29.253,2.2362e+07,1.0056,5146.6,0.026064,0,9.2735e+05,0.065135,663.9,,0.514,-0.486,0.1,0
29.253,2.2362e+07,1.0056,5146.6,0.02609,0,9.2734e+05,0.065113,663.9,,0.516,-0.484,0.1,0
29.252,2.2361e+07,1.0057,5146.6,0.026059,0,9.2733e+05,0.06509,663.9,,0.518,-0.482,0.1,0
29.252,2.2361e+07,1.0057,5146.6,0.025997,0,9.2732e+05,0.065065,663.9,,0.52,-0.48,0.1,0
29.252,2.2361e+07,1.0057,5146.6,0.025935,0,9.2731e+05,0.065041,663.9,,0.522,-0.478,0.1,0
29.251,2.2361e+07,1.0057,5146.6,0.025873,0,9.273e+05,0.065017,663.9,,0.524,-0.476,0.1,0
29.251,2.236e+07,1.0057,5146.6,0.02581,0,9.2729e+05,0.064992,663.9,,0.526,-0.474,0.1,0
29.251,2.236e+07,1.0057,5146.6,0.025748,0,9.2727e+05,0.064968,663.9,,0.528,-0.472,0.1,0
29.25,2.236e+07,1.0057,5146.6,0.025686,0,9.2726e+05,0.064943,663.89,,0.53,-0.47,0.1,0
29.25,2.236e+07,1.0057,5146.6,0.025623,0,9.2725e+05,0.064919,663.89,,0.532,-0.468,0.1,0
29.25,2.2359e+07,1.0057,5146.6,0.025561,0,9.2724e+05,0.064895,663.89,,0.534,-0.466,0.1,0
29.249,2.2359e+07,1.0058,5146.6,0.025499,0,9.2723e+05,0.06487,663.89,,0.536,-0.464,0.1,0
29.249,2.2359e+07,1.0058,5146.6,0.025436,0,9.2722e+05,0.064846,663.89,,0.538,-0.462,0.1,0
29.249,2.2359e+07,1.0058,5146.6,0.025374,0,9.2721e+05,0.064822,663.89,,0.54,-0.46,0.1,0
29.248,2.2358e+07,1.0058,5146.6,0.025312,0,9.272e+05,0.064797,663.89,,0.542,-0.458,0.1,0
29.248,2.2358e+07,1.0058,5146.6,0.02525,0,9.2719e+05,0.064773,663.89,,0.544,-0.456,0.1,0
29.248,2.2358e+07,1.0058,5146.6,0.025187,0,9.2718e+05,0.064749,663.89,,0.546,-0.454,0.1,0
29.247,2.2358e+07,1.0058,5146.6,0.025125,0,9.2717e+05,0.064724,663.89,,0.548,-0.452,0.1,0
29.247,2.2357e+07,1.0058,5146.6,0.025063,0,9.2716e+05,0.0647,663.89,,0.55,-0.45,0.1,0
29.247,2.2357e+07,1.0058,5146.6,0.025,0,9.2715e+05,0.064675,663.89,,0.552,-0.448,0.1,0
29.246,2.2357e+07,1.0059,5146.6,0.024938,0,9.2714e+05,0.064651,663.89,,0.554,-0.446,0.1,0
29.246,2.2357e+07,1.0059,5146.6,0.024876,0,9.2713e+05,0.064627,663.89,,0.556,-0.444,0.1,0
29.246,2.2356e+07,1.0059,5146.6,0.024813,0,9.2712e+05,0.064602,663.89,,0.558,-0.442,0.1,0
29.245,2.2356e+07,1.0059,5146.6,0.024751,0,9.2711e+05,0.064578,663.89,,0.56,-0.44,0.1,0
29.245,2.2356e+07,1.0059,5146.6,0.024689,0,9.271e+05,0.064554,663.89,,0.562,-0.438,0.1,0
29.245,2.2356e+07,1.0059,5146.6,0.024627,0,9.2709e+05,0.064529,663.89,,0.564,-0.436,0.1,0
29.244,2.2355e+07,1.0059,5146.6,0.024564,0,9.2708e+05,0.064505,663.89,,0.566,-0.434,0.1,0
29.244,2.2355e+07,1.0059,5146.6,0.024502,0,9.2707e+05,0.06448,663.89,,0.568,-0.432,0.1,0
29.244,2.2355e+07,1.0059,5146.6,0.02444,0,9.2706e+05,0.064456,663.89,,0.57,-0.43,0.1,0
29.243,2.2354e+07,1.006,5146.6,0.024377,0,9.2705e+05,0.064432,663.89,,0.572,-0.428,0.1,0
29.243,2.2354e+07,1.006,5146.6,0.024315,0,9.2704e+05,0.064407,663.89,,0.574,-0.426,0.1,0
29.243,2.2354e+07,1.006,5146.6,0.024253,0,9.2703e+05,0.064383,663.89,,0.576,-0.424,0.1,0
29.242,2.2354e+07,1.006,5146.6,0.02419,0,9.2702e+05,0.064359,663.89,,0.578,-0.422,0.1,0
29.242,2.2353e+07,1.006,5146.6,0.024128,0,9.2701e+05,0.064334,663.89,,0.58,-0.42,0.1,0
29.242,2.2353e+07,1.006,5146.6,0.024066,0,9.27e+05,0.06431,663.89,,0.582,-0.418,0.1,0
29.241,2.2353e+07,1.006,5146.6,0.024004,0,9.2699e+05,0.064286,663.89,,0.584,-0.416,0.1,0
29.241,2.2353e+07,1.006,5146.6,0.023941,0,9.2698e+05,0.064261,663.89,,0.586,-0.414,0.1,0
29.241,2.2352e+07,1.006,5146.6,0.023879,0,9.2697e+05,0.064237,663.89,,0.588,-0.412,0.1,0
29.24,2.2352e+07,1.0061,5146.6,0.023817,0,9.2696e+05,0.064212,663.89,,0.59,-0.41,0.1,0
29.24,2.2352e+07,1.0061,5146.6,0.023754,0,9.2695e+05,0.064188,663.89,,0.592,-0.408,0.1,0
29.24,2.2352e+07,1.0061,5146.6,0.023712,0,9.2694e+05,0.064163,663.89,,0.594,-0.406,0.1,0
29.239,2.2351e+07,1.0061,5146.6,0.023715,0,9.2693e+05,0.064136,663.89,,0.596,-0.404,0.1,0
29.239,2.2351e+07,1.0061,5146.6,0.023719,0,9.2691e+05,0.06411,663.89,,0.598,-0.402,0.1,0
29.239,2.2351e+07,1.0061,5146.6,0.023723,0,9.269e+05,0.064083,663.89,,0.6,-0.4,0.1,0
29.238,2.2351e+07,1.0061,5146.6,0.023726,0,9.2689e+05,0.064057,663.89,,0.602,-0.398,0.1,0
29.238,2.235e+07,1.0061,5146.6,0.02373,0,9.2688e+05,0.06403,663.89,,0.604,-0.396,0.1,0
29.237,2.235e+07,1.0062,5146.6,0.023733,0,9.2687e+05,0.064003,663.89,,0.606,-0.394,0.1,0
29.237,2.235e+07,1.0062,5146.6,0.023737,0,9.2686e+05,0.063977,663.89,,0.608,-0.392,0.1,0
29.237,2.2349e+07,1.0062,5146.6,0.02374,0,9.2685e+05,0.06395,663.89,,0.61,-0.39,0.1,0
29.236,2.2349e+07,1.0062,5146.6,0.023753,0,9.2684e+05,0.063923,663.89,,0.612,-0.388,0.1,0
29.236,2.2349e+07,1.0062,5146.6,0.023791,0,9.2682e+05,0.063893,663.89,,0.614,-0.386,0.1,0
29.236,2.2349e+07,1.0062,5146.6,0.02383,0,9.2681e+05,0.063864,663.89,,0.616,-0.384,0.1,0
29.235,2.2348e+07,1.0062,5146.6,0.023869,0,9.268e+05,0.063835,663.89,,0.618,-0.382,0.1,0
29.235,2.2348e+07,1.0062,5146.6,0.023908,0,9.2679e+05,0.063806,663.89,,0.62,-0.38,0.1,0
29.234,2.2348e+07,1.0063,5146.6,0.023947,0,9.2677e+05,0.063776,663.89,,0.622,-0.378,0.1,0
29.234,2.2347e+07,1.0063,5146.6,0.023986,0,9.2676e+05,0.063747,663.89,,0.624,-0.376,0.1,0
29.234,2.2347e+07,1.0063,5146.6,0.024025,0,9.2675e+05,0.063718,663.88,,0.626,-0.374,0.1,0
29.233,2.2347e+07,1.0063,5146.6,0.024064,0,9.2674e+05,0.063688,663.88,,0.628,-0.372,0.1,0
29.233,2.2346e+07,1.0063,5146.6,0.024103,0,9.2673e+05,0.063659,663.88,,0.63,-0.37,0.1,0
29.232,2.2346e+07,1.0063,5146.6,0.024142,0,9.2671e+05,0.06363,663.88,,0.632,-0.368,0.1,0
29.232,2.2346e+07,1.0063,5146.6,0.024181,0,9.267e+05,0.0636,663.88,,0.634,-0.366,0.1,0
29.232,2.2345e+07,1.0063,5146.6,0.02422,0,9.2669e+05,0.063571,663.88,,0.636,-0.364,0.1,0
29.231,2.2345e+07,1.0064,5146.6,0.024259,0,9.2668e+05,0.063542,663.88,,0.638,-0.362,0.1,0
29.231,2.2345e+07,1.0064,5146.5,0.024298,0,9.2666e+05,0.063513,663.88,,0.64,-0.36,0.1,0
29.23,2.2345e+07,1.0064,5146.5,0.024337,0,9.2665e+05,0.063483,663.88,,0.642,-0.358,0.1,0
29.23,2.2344e+07,1.0064,5146.5,0.024376,0,9.2664e+05,0.063454,663.88,,0.644,-0.356,0.1,0
29.23,2.2344e+07,1.0064,5146.5,0.024414,0,9.2663e+05,0.063425,663.88,,0.646,-0.354,0.1,0
29.229,2.2344e+07,1.0064,5146.5,0.024453,0,9.2661e+05,0.063395,663.88,,0.648,-0.352,0.1,0
29.229,2.2343e+07,1.0064,5146.5,0.024492,0,9.266e+05,0.063366,663.88,,0.65,-0.35,0.1,0
29.228,2.2343e+07,1.0065,5146.5,0.024531,0,9.2659e+05,0.063337,663.88,,0.652,-0.348,0.1,0
29.228,2.2343e+07,1.0065,5146.5,0.02457,0,9.2658e+05,0.063307,663.88,,0.654,-0.346,0.1,0
29.228,2.2342e+07,1.0065,5146.5,0.024609,0,9.2657e+05,0.063278,663.88,,0.656,-0.344,0.1,0
29.227,2.2342e+07,1.0065,5146.5,0.024648,0,9.2655e+05,0.063249,663.88,,0.658,-0.342,0.1,0
29.227,2.2342e+07,1.0065,5146.5,0.024687,0,9.2654e+05,0.06322,663.88,,0.66,-0.34,0.1,0
29.226,2.2341e+07,1.0065,5146.5,0.024726,0,9.2653e+05,0.06319,663.88,,0.662,-0.338,0.1,0
29.226,2.2341e+07,1.0065,5146.5,0.024765,0,9.2652e+05,0.063161,663.88,,0.664,-0.336,0.1,0
29.226,2.2341e+07,1.0065,5146.5,0.024804,0,9.265e+05,0.063132,663.88,,0.666,-0.334,0.1,0
29.225,2.2341e+07,1.0066,5146.5,0.024843,0,9.2649e+05,0.063102,663.88,,0.668,-0.332,0.1,0
29.225,2.234e+07,1.0066,5146.5,0.024882,0,9.2648e+05,0.063073,663.88,,0.67,-0.33,0.1,0
29.224,2.234e+07,1.0066,5146.5,0.024921,0,9.2647e+05,0.063044,663.88,,0.672,-0.328,0.1,0
29.224,2.234e+07,1.0066,5146.5,0.02496,0,9.2645e+05,0.063014,663.88,,0.674,-0.326,0.1,0
29.223,2.2339e+07,1.0066,5146.5,0.024999,0,9.2644e+05,0.062985,663.88,,0.676,-0.324,0.1,0
29.223,2.2339e+07,1.0066,5146.5,0.025038,0,9.2643e+05,0.062956,663.88,,0.678,-0.322,0.1,0
29.223,2.2339e+07,1.0066,5146.5,0.025076,0,9.2642e+05,0.062926,663.88,,0.68,-0.32,0.1,0
29.222,2.2338e+07,1.0066,5146.5,0.025115,0,9.2641e+05,0.062897,663.88,,0.682,-0.318,0.1,0
29.222,2.2338e+07,1.0067,5146.5,0.025154,0,9.2639e+05,0.062868,663.88,,0.684,-0.316,0.1,0
29.221,2.2338e+07,1.0067,5146.5,0.025193,0,9.2638e+05,0.062839,663.88,,0.686,-0.314,0.1,0
29.221,2.2337e+07,1.0067,5146.5,0.025235,0,9.2637e+05,0.062809,663.88,,0.688,-0.312,0.1,0
29.221,2.2337e+07,1.0067,5146.5,0.025285,0,9.2635e+05,0.062776,663.88,,0.69,-0.31,0.1,0
29.22,2.2337e+07,1.0067,5146.5,0.025335,0,9.2634e+05,0.062744,663.88,,0.692,-0.308,0.1,0
29.22,2.2336e+07,1.0067,5146.5,0.025385,0,9.2633e+05,0.062712,663.88,,0.694,-0.306,0.1,0
29.219,2.2336e+07,1.0067,5146.5,0.025436,0,9.2631e+05,0.062679,663.88,,0.696,-0.304,0.1,0
29.219,2.2336e+07,1.0068,5146.5,0.025486,0,9.263e+05,0.062647,663.88,,0.698,-0.302,0.1,0
29.218,2.2335e+07,1.0068,5146.5,0.025536,0,9.2629e+05,0.062615,663.88,,0.7,-0.3,0.1,0
29.218,2.2335e+07,1.0068,5146.5,0.025586,0,9.2627e+05,0.062582,663.88,,0.702,-0.298,0.1,0
29.218,2.2335e+07,1.0068,5146.5,0.025636,0,9.2626e+05,0.06255,663.88,,0.704,-0.296,0.1,0
29.217,2.2334e+07,1.0068,5146.5,0.025686,0,9.2625e+05,0.062518,663.88,,0.706,-0.294,0.1,0
29.217,2.2334e+07,1.0068,5146.5,0.025885,0,9.2623e+05,0.062483,663.88,,0.708,-0.292,0.1,0
29.216,2.2334e+07,1.0068,5146.5,0.026116,0,9.2622e+05,0.062447,663.88,,0.71,-0.29,0.1,0
29.216,2.2333e+07,1.0069,5146.5,0.026347,0,9.262e+05,0.062411,663.88,,0.712,-0.288,0.1,0
29.215,2.2333e+07,1.0069,5146.5,0.026579,0,9.2619e+05,0.062376,663.88,,0.714,-0.286,0.1,0
29.215,2.2333e+07,1.0069,5146.5,0.02681,0,9.2617e+05,0.06234,663.87,,0.716,-0.284,0.1,0
29.214,2.2332e+07,1.0069,5146.5,0.027041,0,9.2616e+05,0.062304,663.87,,0.718,-0.282,0.1,0
29.214,2.2332e+07,1.0069,5146.5,0.027272,0,9.2614e+05,0.062269,663.87,,0.72,-0.28,0.1,0
29.213,2.2331e+07,1.0069,5146.5,0.027504,0,9.2613e+05,0.062233,663.87,,0.722,-0.278,0.1,0
29.213,2.2331e+07,1.007,5146.5,0.027735,0,9.2611e+05,0.062197,663.87,,0.724,-0.276,0.1,0
29.212,2.2331e+07,1.007,5146.5,0.027966,0,9.261e+05,0.062162,663.87,,0.726,-0.274,0.1,0
29.212,2.233e+07,1.007,5146.5,0.028198,0,9.2608e+05,0.062126,663.87,,0.728,-0.272,0.1,0
29.211,2.233e+07,1.007,5146.5,0.028429,0,9.2607e+05,0.06209,663.87,,0.73,-0.27,0.1,0
29.211,2.233e+07,1.007,5146.5,0.02866,0,9.2605e+05,0.062055,663.87,,0.732,-0.268,0.1,0
29.21,2.2329e+07,1.007,5146.5,0.028891,0,9.2604e+05,0.062019,663.87,,0.734,-0.266,0.1,0
29.21,2.2329e+07,1.0071,5146.5,0.029123,0,9.2602e+05,0.061983,663.87,,0.736,-0.264,0.1,0
29.209,2.2328e+07,1.0071,5146.5,0.029354,0,9.2601e+05,0.061948,663.87,,0.738,-0.262,0.1,0
29.209,2.2328e+07,1.0071,5146.5,0.029585,0,9.2599e+05,0.061912,663.87,,0.74,-0.26,0.1,0
29.208,2.2328e+07,1.0071,5146.5,0.029817,0,9.2598e+05,0.061876,663.87,,0.742,-0.258,0.1,0
29.208,2.2327e+07,1.0071,5146.5,0.030048,0,9.2596e+05,0.061841,663.87,,0.744,-0.256,0.1,0
29.207,2.2327e+07,1.0071,5146.5,0.030279,0,9.2595e+05,0.061805,663.87,,0.746,-0.254,0.1,0
29.207,2.2327e+07,1.0072,5146.5,0.030511,0,9.2593e+05,0.061769,663.87,,0.748,-0.252,0.1,0
29.206,2.2326e+07,1.0072,5146.5,0.030742,0,9.2592e+05,0.061734,663.87,,0.75,-0.25,0.1,0
29.206,2.2326e+07,1.0072,5146.5,0.030973,0,9.259e+05,0.061698,663.87,,0.752,-0.248,0.1,0
29.205,2.2325e+07,1.0072,5146.5,0.031204,0,9.2589e+05,0.061662,663.87,,0.754,-0.246,0.1,0
29.205,2.2325e+07,1.0072,5146.5,0.031436,0,9.2587e+05,0.061626,663.87,,0.756,-0.244,0.1,0
29.204,2.2325e+07,1.0072,5146.5,0.031667,0,9.2586e+05,0.061591,663.87,,0.758,-0.242,0.1,0
29.204,2.2324e+07,1.0072,5146.5,0.031898,0,9.2584e+05,0.061555,663.87,,0.76,-0.24,0.1,0
29.203,2.2324e+07,1.0073,5146.5,0.03213,0,9.2583e+05,0.061519,663.87,,0.762,-0.238,0.1,0
29.203,2.2324e+07,1.0073,5146.5,0.032361,0,9.2581e+05,0.061484,663.87,,0.764,-0.236,0.1,0
29.202,2.2323e+07,1.0073,5146.5,0.032592,0,9.258e+05,0.061448,663.87,,0.766,-0.234,0.1,0
29.202,2.2323e+07,1.0073,5146.5,0.032823,0,9.2578e+05,0.061412,663.87,,0.768,-0.232,0.1,0
29.201,2.2322e+07,1.0073,5146.5,0.033055,0,9.2577e+05,0.061377,663.87,,0.77,-0.23,0.1,0
29.201,2.2322e+07,1.0073,5146.5,0.033286,0,9.2575e+05,0.061341,663.87,,0.772,-0.228,0.1,0
29.2,2.2322e+07,1.0074,5146.5,0.033517,0,9.2574e+05,0.061305,663.87,,0.774,-0.226,0.1,0
29.2,2.2321e+07,1.0074,5146.5,0.033749,0,9.2572e+05,0.06127,663.87,,0.776,-0.224,0.1,0
29.199,2.2321e+07,1.0074,5146.5,0.03398,0,9.2571e+05,0.061234,663.87,,0.778,-0.222,0.1,0
29.199,2.2321e+07,1.0074,5146.5,0.034211,0,9.2569e+05,0.061198,663.87,,0.78,-0.22,0.1,0
29.198,2.232e+07,1.0074,5146.5,0.034375,0,9.2568e+05,0.061161,663.87,,0.782,-0.218,0.1,0
29.198,2.232e+07,1.0074,5146.5,0.034439,0,9.2566e+05,0.061121,663.87,,0.784,-0.216,0.1,0
29.197,2.2319e+07,1.0075,5146.5,0.034502,0,9.2564e+05,0.061081,663.87,,0.786,-0.214,0.1,0
29.197,2.2319e+07,1.0075,5146.5,0.034566,0,9.2563e+05,0.061041,663.87,,0.788,-0.212,0.1,0
29.196,2.2319e+07,1.0075,5146.5,0.03463,0,9.2561e+05,0.061001,663.87,,0.79,-0.21,0.1,0
29.196,2.2318e+07,1.0075,5146.5,0.034693,0,9.2559e+05,0.060961,663.87,,0.792,-0.208,0.1,0
29.195,2.2318e+07,1.0075,5146.5,0.034757,0,9.2558e+05,0.060921,663.86,,0.794,-0.206,0.1,0
29.195,2.2317e+07,1.0076,5146.5,0.03482,0,9.2556e+05,0.060881,663.86,,0.796,-0.204,0.1,0
29.194,2.2317e+07,1.0076,5146.4,0.034884,0,9.2554e+05,0.060842,663.86,,0.798,-0.202,0.1,0
29.193,2.2316e+07,1.0076,5146.4,0.034948,0,9.2553e+05,0.060802,663.86,,0.8,-0.2,0.1,0
29.193,2.2316e+07,1.0076,5146.4,0.035116,0,9.2551e+05,0.06076,663.86,,0.802,-0.198,0.1,0
29.192,2.2316e+07,1.0076,5146.4,0.035447,0,9.2549e+05,0.060715,663.86,,0.804,-0.196,0.1,0
29.192,2.2315e+07,1.0076,5146.4,0.035778,0,9.2547e+05,0.060671,663.86,,0.806,-0.194,0.1,0
29.191,2.2315e+07,1.0077,5146.4,0.036109,0,9.2545e+05,0.060626,663.86,,0.808,-0.192,0.1,0
29.19,2.2314e+07,1.0077,5146.4,0.03644,0,9.2543e+05,0.060582,663.86,,0.81,-0.19,0.1,0
29.19,2.2314e+07,1.0077,5146.4,0.036771,0,9.2541e+05,0.060537,663.86,,0.812,-0.188,0.1,0
29.189,2.2313e+07,1.0077,5146.4,0.037102,0,9.254e+05,0.060492,663.86,,0.814,-0.186,0.1,0
29.189,2.2313e+07,1.0077,5146.4,0.037433,0,9.2538e+05,0.060448,663.86,,0.816,-0.184,0.1,0
29.188,2.2312e+07,1.0078,5146.4,0.037764,0,9.2536e+05,0.060403,663.86,,0.818,-0.182,0.1,0
29.187,2.2312e+07,1.0078,5146.4,0.038095,0,9.2534e+05,0.060359,663.86,,0.82,-0.18,0.1,0
29.187,2.2311e+07,1.0078,5146.4,0.038426,0,9.2532e+05,0.060314,663.86,,0.822,-0.178,0.1,0
29.186,2.2311e+07,1.0078,5146.4,0.038757,0,9.253e+05,0.06027,663.86,,0.824,-0.176,0.1,0
29.186,2.231e+07,1.0078,5146.4,0.039088,0,9.2528e+05,0.060225,663.86,,0.826,-0.174,0.1,0
29.185,2.231e+07,1.0079,5146.4,0.039419,0,9.2526e+05,0.06018,663.86,,0.828,-0.172,0.1,0
29.184,2.2309e+07,1.0079,5146.4,0.03975,0,9.2525e+05,0.060136,663.86,,0.83,-0.17,0.1,0
29.184,2.2309e+07,1.0079,5146.4,0.040081,0,9.2523e+05,0.060091,663.86,,0.832,-0.168,0.1,0
29.183,2.2309e+07,1.0079,5146.4,0.040412,0,9.2521e+05,0.060047,663.86,,0.834,-0.166,0.1,0
29.182,2.2308e+07,1.0079,5146.4,0.040743,0,9.2519e+05,0.060002,663.86,,0.836,-0.164,0.1,0
29.182,2.2308e+07,1.008,5146.4,0.041074,0,9.2517e+05,0.059958,663.86,,0.838,-0.162,0.1,0
29.181,2.2307e+07,1.008,5146.4,0.041405,0,9.2515e+05,0.059913,663.86,,0.84,-0.16,0.1,0
29.181,2.2307e+07,1.008,5146.4,0.041736,0,9.2513e+05,0.059868,663.86,,0.842,-0.158,0.1,0
29.18,2.2306e+07,1.008,5146.4,0.042067,0,9.2512e+05,0.059824,663.86,,0.844,-0.156,0.1,0
29.179,2.2306e+07,1.008,5146.4,0.042398,0,9.251e+05,0.059779,663.86,,0.846,-0.154,0.1,0
29.179,2.2305e+07,1.0081,5146.4,0.042729,0,9.2508e+05,0.059735,663.86,,0.848,-0.152,0.1,0
29.178,2.2305e+07,1.0081,5146.4,0.04306,0,9.2506e+05,0.05969,663.86,,0.85,-0.15,0.1,0
29.178,2.2304e+07,1.0081,5146.4,0.043391,0,9.2504e+05,0.059646,663.86,,0.852,-0.148,0.1,0
29.177,2.2304e+07,1.0081,5146.4,0.043722,0,9.2502e+05,0.059601,663.86,,0.854,-0.146,0.1,0
29.176,2.2303e+07,1.0081,5146.4,0.044053,0,9.25e+05,0.059556,663.85,,0.856,-0.144,0.1,0
29.176,2.2303e+07,1.0082,5146.4,0.044384,0,9.2498e+05,0.059512,663.85,,0.858,-0.142,0.1,0
29.175,2.2302e+07,1.0082,5146.4,0.044715,0,9.2497e+05,0.059467,663.85,,0.86,-0.14,0.1,0
29.174,2.2302e+07,1.0082,5146.4,0.045046,0,9.2495e+05,0.059423,663.85,,0.862,-0.138,0.1,0
29.174,2.2302e+07,1.0082,5146.4,0.045377,0,9.2493e+05,0.059378,663.85,,0.864,-0.136,0.1,0
29.173,2.2301e+07,1.0082,5146.4,0.045708,0,9.2491e+05,0.059334,663.85,,0.866,-0.134,0.1,0
29.173,2.2301e+07,1.0083,5146.4,0.046039,0,9.2489e+05,0.059289,663.85,,0.868,-0.132,0.1,0
29.172,2.23e+07,1.0083,5146.4,0.04637,0,9.2487e+05,0.059244,663.85,,0.87,-0.13,0.1,0
29.171,2.23e+07,1.0083,5146.4,0.046701,0,9.2485e+05,0.0592,663.85,,0.872,-0.128,0.1,0
29.171,2.2299e+07,1.0083,5146.4,0.047032,0,9.2483e+05,0.059155,663.85,,0.874,-0.126,0.1,0
29.17,2.2299e+07,1.0083,5146.4,0.047079,0,9.2481e+05,0.059106,663.85,,0.876,-0.124,0.1,0
29.169,2.2298e+07,1.0084,5146.4,0.047007,0,9.2479e+05,0.059055,663.85,,0.878,-0.122,0.1,0
29.169,2.2298e+07,1.0084,5146.4,0.046935,0,9.2477e+05,0.059004,663.85,,0.88,-0.12,0.1,0
29.168,2.2297e+07,1.0084,5146.4,0.046863,0,9.2475e+05,0.058954,663.85,,0.882,-0.118,0.1,0
29.167,2.2297e+07,1.0084,5146.4,0.046791,0,9.2473e+05,0.058903,663.85,,0.884,-0.116,0.1,0
29.167,2.2296e+07,1.0085,5146.4,0.046718,0,9.2471e+05,0.058852,663.85,,0.886,-0.114,0.1,0
29.166,2.2295e+07,1.0085,5146.4,0.046646,0,9.2469e+05,0.058801,663.85,,0.888,-0.112,0.1,0
29.165,2.2295e+07,1.0085,5146.4,0.046574,0,9.2466e+05,0.05875,663.85,,0.89,-0.11,0.1,0
29.165,2.2294e+07,1.0085,5146.4,0.046502,0,9.2464e+05,0.058699,663.85,,0.892,-0.108,0.1,0
29.164,2.2294e+07,1.0086,5146.4,0.04643,0,9.2462e+05,0.058648,663.85,,0.894,-0.106,0.1,0
29.163,2.2293e+07,1.0086,5146.4,0.046357,0,9.246e+05,0.058597,663.85,,0.896,-0.104,0.1,0
29.162,2.2293e+07,1.0086,5146.4,0.046555,0,9.2458e+05,0.05854,663.85,,0.898,-0.102,0.1,0
29.162,2.2292e+07,1.0086,5146.4,0.046795,0,9.2455e+05,0.058483,663.85,,0.9,-0.1,0.1,0
29.161,2.2292e+07,1.0087,5146.4,0.047035,0,9.2453e+05,0.058425,663.85,,0.902,-0.098,0.1,0
29.16,2.2291e+07,1.0087,5146.4,0.047274,0,9.245e+05,0.058367,663.85,,0.904,-0.096,0.1,0
29.159,2.229e+07,1.0087,5146.4,0.047514,0,9.2448e+05,0.05831,663.85,,0.906,-0.094,0.1,0
29.158,2.229e+07,1.0087,5146.4,0.047754,0,9.2446e+05,0.058252,663.85,,0.908,-0.092,0.1,0
29.158,2.2289e+07,1.0088,5146.4,0.047994,0,9.2443e+05,0.058194,663.84,,0.91,-0.09,0.1,0
29.157,2.2288e+07,1.0088,5146.4,0.048234,0,9.2441e+05,0.058136,663.84,,0.912,-0.088,0.1,0
29.156,2.2288e+07,1.0088,5146.4,0.048473,0,9.2438e+05,0.058079,663.84,,0.914,-0.086,0.1,0
29.155,2.2287e+07,1.0088,5146.4,0.048713,0,9.2436e+05,0.058021,663.84,,0.916,-0.084,0.1,0
29.154,2.2287e+07,1.0089,5146.4,0.048953,0,9.2433e+05,0.057963,663.84,,0.918,-0.082,0.1,0
29.154,2.2286e+07,1.0089,5146.4,0.049193,0,9.2431e+05,0.057906,663.84,,0.92,-0.08,0.1,0
29.153,2.2285e+07,1.0089,5146.4,0.049432,0,9.2429e+05,0.057848,663.84,,0.922,-0.078,0.1,0
29.152,2.2285e+07,1.0089,5146.3,0.049672,0,9.2426e+05,0.05779,663.84,,0.924,-0.076,0.1,0
29.151,2.2284e+07,1.009,5146.3,0.049912,0,9.2424e+05,0.057733,663.84,,0.926,-0.074,0.1,0
29.15,2.2284e+07,1.009,5146.3,0.050152,0,9.2421e+05,0.057675,663.84,,0.928,-0.072,0.1,0
29.15,2.2283e+07,1.009,5146.3,0.050392,0,9.2419e+05,0.057617,663.84,,0.93,-0.07,0.1,0
29.149,2.2282e+07,1.009,5146.3,0.050631,0,9.2416e+05,0.057559,663.84,,0.932,-0.068,0.1,0
29.148,2.2282e+07,1.0091,5146.3,0.050871,0,9.2414e+05,0.057502,663.84,,0.934,-0.066,0.1,0
29.147,2.2281e+07,1.0091,5146.3,0.051111,0,9.2412e+05,0.057444,663.84,,0.936,-0.064,0.1,0
29.146,2.2281e+07,1.0091,5146.3,0.051351,0,9.2409e+05,0.057386,663.84,,0.938,-0.062,0.1,0
29.146,2.228e+07,1.0091,5146.3,0.051591,0,9.2407e+05,0.057329,663.84,,0.94,-0.06,0.1,0
29.145,2.2279e+07,1.0092,5146.3,0.05183,0,9.2404e+05,0.057271,663.84,,0.942,-0.058,0.1,0
29.144,2.2279e+07,1.0092,5146.3,0.05207,0,9.2402e+05,0.057213,663.84,,0.944,-0.056,0.1,0
29.143,2.2278e+07,1.0092,5146.3,0.05231,0,9.24e+05,0.057155,663.84,,0.946,-0.054,0.1,0
29.143,2.2278e+07,1.0093,5146.3,0.05255,0,9.2397e+05,0.057098,663.84,,0.948,-0.052,0.1,0
29.142,2.2277e+07,1.0093,5146.3,0.052789,0,9.2395e+05,0.05704,663.84,,0.95,-0.05,0.1,0
29.141,2.2276e+07,1.0093,5146.3,0.053029,0,9.2392e+05,0.056982,663.84,,0.952,-0.048,0.1,0
29.14,2.2276e+07,1.0093,5146.3,0.053269,0,9.239e+05,0.056925,663.83,,0.954,-0.046,0.1,0
29.139,2.2275e+07,1.0094,5146.3,0.053509,0,9.2387e+05,0.056867,663.83,,0.956,-0.044,0.1,0
29.139,2.2275e+07,1.0094,5146.3,0.053749,0,9.2385e+05,0.056809,663.83,,0.958,-0.042,0.1,0
29.138,2.2274e+07,1.0094,5146.3,0.053988,0,9.2383e+05,0.056752,663.83,,0.96,-0.04,0.1,0
29.137,2.2273e+07,1.0094,5146.3,0.054228,0,9.238e+05,0.056694,663.83,,0.962,-0.038,0.1,0
29.136,2.2273e+07,1.0095,5146.3,0.054468,0,9.2378e+05,0.056636,663.83,,0.964,-0.036,0.1,0
29.135,2.2272e+07,1.0095,5146.3,0.054708,0,9.2375e+05,0.056578,663.83,,0.966,-0.034,0.1,0
29.135,2.2272e+07,1.0095,5146.3,0.05486,0,9.2373e+05,0.056519,663.83,,0.968,-0.032,0.1,0
29.134,2.2271e+07,1.0095,5146.3,0.054467,0,9.237e+05,0.056452,663.83,,0.97,-0.03,0.1,0
29.133,2.227e+07,1.0096,5146.3,0.054073,0,9.2367e+05,0.056384,663.83,,0.972,-0.028,0.1,0
29.132,2.2269e+07,1.0096,5146.3,0.05368,0,9.2364e+05,0.056317,663.83,,0.974,-0.026,0.1,0
29.131,2.2269e+07,1.0096,5146.3,0.053286,0,9.2361e+05,0.05625,663.83,,0.976,-0.024,0.1,0
29.13,2.2268e+07,1.0097,5146.3,0.052893,0,9.2359e+05,0.056182,663.83,,0.978,-0.022,0.1,0
29.129,2.2267e+07,1.0097,5146.3,0.052499,0,9.2356e+05,0.056115,663.83,,0.98,-0.02,0.1,0
29.128,2.2267e+07,1.0097,5146.3,0.052106,0,9.2353e+05,0.056047,663.83,,0.982,-0.018,0.1,0
29.127,2.2266e+07,1.0098,5146.3,0.051712,0,9.235e+05,0.05598,663.83,,0.984,-0.016,0.1,0
29.126,2.2265e+07,1.0098,5146.3,0.051319,0,9.2347e+05,0.055912,663.83,,0.986,-0.014,0.1,0
29.125,2.2264e+07,1.0098,5146.3,0.050925,0,9.2344e+05,0.055845,663.83,,0.988,-0.012,0.1,0
29.124,2.2264e+07,1.0098,5146.3,0.050532,0,9.2342e+05,0.055777,663.83,,0.99,-0.01,0.1,0
29.123,2.2263e+07,1.0099,5146.3,0.050173,0,9.2339e+05,0.055709,663.83,,0.992,-0.008,0.1,0
29.122,2.2262e+07,1.0099,5146.3,0.050557,0,9.2336e+05,0.055632,663.82,,0.994,-0.006,0.1,0
29.121,2.2261e+07,1.01,5146.3,0.05094,0,9.2332e+05,0.055554,663.82,,0.996,-0.004,0.1,0
29.12,2.2261e+07,1.01,5146.3,0.051323,0,9.2329e+05,0.055476,663.82,,0.998,-0.002,0.1,0
29.119,2.226e+07,1.01,5146.3,0.051707,0,9.2326e+05,0.055399,663.82,,1,0,0.1,0
29.118,2.2259e+07,1.0101,5146.3,0.05209,0,9.2322e+05,0.055321,663.82,,1.002,0.002,0.1,0
29.117,2.2258e+07,1.0101,5146.3,0.052474,0,9.2319e+05,0.055243,663.82,,1.004,0.004,0.1,0
29.116,2.2257e+07,1.0101,5146.3,0.052857,0,9.2316e+05,0.055166,663.82,,1.006,0.006,0.1,0
29.115,2.2257e+07,1.0102,5146.3,0.05324,0,9.2313e+05,0.055088,663.82,,1.008,0.008,0.1,0
29.114,2.2256e+07,1.0102,5146.3,0.053624,0,9.2309e+05,0.05501,663.82,,1.01,0.01,0.1,0
29.113,2.2255e+07,1.0102,5146.3,0.054007,0,9.2306e+05,0.054933,663.82,,1.012,0.012,0.1,0
29.112,2.2254e+07,1.0103,5146.3,0.054391,0,9.2303e+05,0.054855,663.82,,1.014,0.014,0.1,0
29.111,2.2253e+07,1.0103,5146.3,0.054774,0,9.23e+05,0.054777,663.82,,1.016,0.016,0.1,0
29.11,2.2252e+07,1.0103,5146.3,0.055158,0,9.2296e+05,0.0547,663.82,,1.018,0.018,0.1,0
29.109,2.2252e+07,1.0104,5146.3,0.055541,0,9.2293e+05,0.054622,663.82,,1.02,0.02,0.1,0
29.108,2.2251e+07,1.0104,5146.3,0.055924,0,9.229e+05,0.054544,663.82,,1.022,0.022,0.1,0
29.106,2.225e+07,1.0104,5146.3,0.056308,0,9.2287e+05,0.054467,663.82,,1.024,0.024,0.1,0
29.105,2.2249e+07,1.0105,5146.3,0.056691,0,9.2283e+05,0.054389,663.81,,1.026,0.026,0.1,0
29.104,2.2248e+07,1.0105,5146.3,0.057075,0,9.228e+05,0.054311,663.81,,1.028,0.028,0.1,0
29.103,2.2248e+07,1.0105,5146.3,0.057458,0,9.2277e+05,0.054234,663.81,,1.03,0.03,0.1,0
29.102,2.2247e+07,1.0106,5146.3,0.057841,0,9.2274e+05,0.054156,663.81,,1.032,0.032,0.1,0
29.101,2.2246e+07,1.0106,5146.3,0.058225,0,9.227e+05,0.054078,663.81,,1.034,0.034,0.1,0
29.1,2.2245e+07,1.0107,5146.3,0.058608,0,9.2267e+05,0.054001,663.81,,1.036,0.036,0.1,0
29.099,2.2244e+07,1.0107,5146.3,0.058992,0,9.2264e+05,0.053923,663.81,,1.038,0.038,0.1,0
29.098,2.2243e+07,1.0107,5146.3,0.059375,0,9.2261e+05,0.053845,663.81,,1.04,0.04,0.1,0
29.097,2.2243e+07,1.0108,5146.3,0.059759,0,9.2257e+05,0.053768,663.81,,1.042,0.042,0.1,0
29.096,2.2242e+07,1.0108,5146.3,0.060142,0,9.2254e+05,0.05369,663.81,,1.044,0.044,0.1,0
29.095,2.2241e+07,1.0108,5146.3,0.060525,0,9.2251e+05,0.053612,663.81,,1.046,0.046,0.1,0
29.094,2.224e+07,1.0109,5146.3,0.060909,0,9.2247e+05,0.053535,663.81,,1.048,0.048,0.1,0
29.093,2.2239e+07,1.0109,5146.3,0.061292,0,9.2244e+05,0.053457,663.81,,1.05,0.05,0.1,0
29.092,2.2239e+07,1.0109,5146.3,0.061676,0,9.2241e+05,0.053379,663.81,,1.052,0.052,0.1,0
29.09,2.2238e+07,1.011,5146.2,0.062059,0,9.2238e+05,0.053302,663.81,,1.054,0.054,0.1,0
29.089,2.2237e+07,1.011,5146.2,0.062442,0,9.2234e+05,0.053224,663.81,,1.056,0.056,0.1,0
29.088,2.2236e+07,1.011,5146.2,0.062826,0,9.2231e+05,0.053146,663.8,,1.058,0.058,0.1,0
29.087,2.2235e+07,1.0111,5146.2,0.063209,0,9.2228e+05,0.053069,663.8,,1.06,0.06,0.1,0
29.086,2.2234e+07,1.0111,5146.2,0.062876,0,9.2224e+05,0.052978,663.8,,1.062,0.062,0.1,0
29.085,2.2233e+07,1.0112,5146.2,0.062382,0,9.222e+05,0.052884,663.8,,1.064,0.064,0.1,0
29.083,2.2232e+07,1.0112,5146.2,0.061887,0,9.2216e+05,0.052791,663.8,,1.066,0.066,0.1,0
29.082,2.2231e+07,1.0112,5146.2,0.061393,0,9.2212e+05,0.052697,663.8,,1.068,0.068,0.1,0
29.081,2.223e+07,1.0113,5146.2,0.060898,0,9.2208e+05,0.052603,663.8,,1.07,0.07,0.1,0
29.08,2.2229e+07,1.0113,5146.2,0.060404,0,9.2204e+05,0.05251,663.8,,1.072,0.072,0.1,0
29.078,2.2228e+07,1.0114,5146.2,0.059909,0,9.2201e+05,0.052416,663.8,,1.074,0.074,0.1,0
29.077,2.2228e+07,1.0114,5146.2,0.059415,0,9.2197e+05,0.052323,663.8,,1.076,0.076,0.1,0
29.076,2.2227e+07,1.0115,5146.2,0.05892,0,9.2193e+05,0.052229,663.8,,1.078,0.078,0.1,0
29.074,2.2226e+07,1.0115,5146.2,0.058426,0,9.2189e+05,0.052135,663.8,,1.08,0.08,0.1,0
29.073,2.2225e+07,1.0115,5146.2,0.057931,0,9.2185e+05,0.052042,663.8,,1.082,0.082,0.1,0
29.072,2.2224e+07,1.0116,5146.2,0.057437,0,9.2181e+05,0.051948,663.8,,1.084,0.084,0.1,0
29.071,2.2223e+07,1.0116,5146.2,0.056942,0,9.2177e+05,0.051855,663.79,,1.086,0.086,0.1,0
29.069,2.2222e+07,1.0117,5146.2,0.056448,0,9.2173e+05,0.051761,663.79,,1.088,0.088,0.1,0
29.068,2.2221e+07,1.0117,5146.2,0.05726,0,9.2169e+05,0.05166,663.79,,1.09,0.09,0.1,0
29.066,2.2219e+07,1.0118,5146.2,0.059282,0,9.2164e+05,0.051552,663.79,,1.092,0.092,0.1,0
29.065,2.2218e+07,1.0118,5146.2,0.061304,0,9.216e+05,0.051444,663.79,,1.094,0.094,0.1,0
29.064,2.2217e+07,1.0119,5146.2,0.063326,0,9.2155e+05,0.051336,663.79,,1.096,0.096,0.1,0
29.062,2.2216e+07,1.0119,5146.2,0.065347,0,9.2151e+05,0.051227,663.79,,1.098,0.098,0.1,0
29.061,2.2215e+07,1.012,5146.2,0.067369,0,9.2146e+05,0.051119,663.79,,1.1,0.1,0.1,0
29.059,2.2214e+07,1.012,5146.2,0.069391,0,9.2142e+05,0.051011,663.79,,1.102,0.102,0.1,0
29.058,2.2213e+07,1.0121,5146.2,0.071413,0,9.2137e+05,0.050903,663.79,,1.104,0.104,0.1,0
29.056,2.2211e+07,1.0121,5146.2,0.073434,0,9.2132e+05,0.050795,663.79,,1.106,0.106,0.1,0
29.055,2.221e+07,1.0122,5146.2,0.075456,0,9.2128e+05,0.050687,663.78,,1.108,0.108,0.1,0
29.053,2.2209e+07,1.0122,5146.2,0.077478,0,9.2123e+05,0.050579,663.78,,1.11,0.11,0.1,0
29.052,2.2208e+07,1.0123,5146.2,0.0795,0,9.2119e+05,0.050471,663.78,,1.112,0.112,0.1,0
29.05,2.2207e+07,1.0123,5146.2,0.081521,0,9.2114e+05,0.050362,663.78,,1.114,0.114,0.1,0
29.049,2.2206e+07,1.0124,5146.2,0.083543,0,9.211e+05,0.050254,663.78,,1.116,0.116,0.1,0
29.047,2.2205e+07,1.0124,5146.2,0.085565,0,9.2105e+05,0.050146,663.78,,1.118,0.118,0.1,0
29.046,2.2204e+07,1.0125,5146.2,0.087586,0,9.2101e+05,0.050038,663.78,,1.12,0.12,0.1,0
29.044,2.2202e+07,1.0125,5146.2,0.089608,0,9.2096e+05,0.04993,663.78,,1.122,0.122,0.1,0
29.043,2.2201e+07,1.0126,5146.2,0.09163,0,9.2092e+05,0.049822,663.78,,1.124,0.124,0.1,0
29.041,2.22e+07,1.0126,5146.2,0.093652,0,9.2087e+05,0.049714,663.78,,1.126,0.126,0.1,0
29.04,2.2199e+07,1.0126,5146.2,0.095673,0,9.2083e+05,0.049606,663.78,,1.128,0.128,0.1,0
29.038,2.2198e+07,1.0127,5146.2,0.097695,0,9.2078e+05,0.049498,663.78,,1.13,0.13,0.1,0
29.037,2.2197e+07,1.0127,5146.1,0.099717,0,9.2073e+05,0.049389,663.77,,1.132,0.132,0.1,0
29.035,2.2196e+07,1.0128,5146.1,0.10174,0,9.2069e+05,0.049281,663.77,,1.134,0.134,0.1,0
29.034,2.2194e+07,1.0128,5146.1,0.10376,0,9.2064e+05,0.049173,663.77,,1.136,0.136,0.1,0
29.032,2.2193e+07,1.0129,5146.1,0.10578,0,9.206e+05,0.049065,663.77,,1.138,0.138,0.1,0
29.031,2.2192e+07,1.0129,5146.1,0.1078,0,9.2055e+05,0.048957,663.77,,1.14,0.14,0.1,0
29.029,2.2191e+07,1.013,5146.1,0.10983,0,9.2051e+05,0.048849,663.77,,1.142,0.142,0.1,0
29.028,2.219e+07,1.013,5146.1,0.11185,0,9.2046e+05,0.048741,663.77,,1.144,0.144,0.1,0
29.026,2.2189e+07,1.0131,5146.1,0.11387,0,9.2042e+05,0.048633,663.77,,1.146,0.146,0.1,0
29.025,2.2188e+07,1.0131,5146.1,0.11589,0,9.2037e+05,0.048524,663.77,,1.148,0.148,0.1,0
29.024,2.2187e+07,1.0132,5146.1,0.11791,0,9.2033e+05,0.048416,663.77,,1.15,0.15,0.1,0
29.022,2.2185e+07,1.0132,5146.1,0.11895,0,9.2028e+05,0.0483,663.77,,1.152,0.152,0.1,0
29.02,2.2184e+07,1.0133,5146.1,0.11735,0,9.2022e+05,0.048161,663.76,,1.154,0.154,0.1,0
29.018,2.2182e+07,1.0134,5146.1,0.11575,0,9.2016e+05,0.048023,663.76,,1.156,0.156,0.1,0
29.016,2.2181e+07,1.0134,5146.1,0.11415,0,9.201e+05,0.047884,663.76,,1.158,0.158,0.1,0
29.014,2.2179e+07,1.0135,5146.1,0.11255,0,9.2004e+05,0.047746,663.76,,1.16,0.16,0.1,0
29.012,2.2178e+07,1.0136,5146.1,0.11095,0,9.1999e+05,0.047607,663.76,,1.162,0.162,0.1,0
29.011,2.2177e+07,1.0136,5146.1,0.10935,0,9.1993e+05,0.047469,663.76,,1.164,0.164,0.1,0
29.009,2.2175e+07,1.0137,5146.1,0.10775,0,9.1987e+05,0.04733,663.76,,1.166,0.166,0.1,0
29.007,2.2174e+07,1.0137,5146.1,0.10615,0,9.1981e+05,0.047192,663.76,,1.168,0.168,0.1,0
29.005,2.2172e+07,1.0138,5146.1,0.10455,0,9.1975e+05,0.047053,663.76,,1.17,0.17,0.1,0
29.003,2.2171e+07,1.0139,5146.1,0.10295,0,9.197e+05,0.046915,663.75,,1.172,0.172,0.1,0
29.001,2.2169e+07,1.0139,5146.1,0.10135,0,9.1964e+05,0.046776,663.75,,1.174,0.174,0.1,0
28.999,2.2168e+07,1.014,5146.1,0.09975,0,9.1958e+05,0.046638,663.75,,1.176,0.176,0.1,0
28.997,2.2166e+07,1.0141,5146.1,0.09815,0,9.1952e+05,0.046499,663.75,,1.178,0.178,0.1,0
28.995,2.2165e+07,1.0141,5146.1,0.09655,0,9.1946e+05,0.046361,663.75,,1.18,0.18,0.1,0
28.993,2.2164e+07,1.0142,5146.1,0.09495,0,9.1941e+05,0.046222,663.75,,1.182,0.182,0.1,0
28.992,2.2162e+07,1.0143,5146.1,0.09335,0,9.1935e+05,0.046084,663.75,,1.184,0.184,0.1,0
28.99,2.2161e+07,1.0143,5146.1,0.09175,0,9.1929e+05,0.045945,663.75,,1.186,0.186,0.1,0
28.988,2.2159e+07,1.0144,5146.1,0.09015,0,9.1923e+05,0.045807,663.75,,1.188,0.188,0.1,0
28.986,2.2158e+07,1.0144,5146.1,0.08855,0,9.1917e+05,0.045668,663.74,,1.19,0.19,0.1,0
28.984,2.2156e+07,1.0145,5146.1,0.088879,0,9.1911e+05,0.045523,663.74,,1.192,0.192,0.1,0
28.982,2.2155e+07,1.0146,5146.1,0.091737,0,9.1905e+05,0.045368,663.74,,1.194,0.194,0.1,0
28.98,2.2153e+07,1.0147,5146.1,0.094594,0,9.1898e+05,0.045214,663.74,,1.196,0.196,0.1,0
28.978,2.2151e+07,1.0147,5146.1,0.097452,0,9.1892e+05,0.04506,663.74,,1.198,0.198,0.1,0
28.975,2.215e+07,1.0148,5146.1,0.10031,0,9.1885e+05,0.044905,663.74,,1.2,0.2,0.1,0
28.973,2.2148e+07,1.0149,5146,0.10317,0,9.1879e+05,0.044751,663.74,,1.202,0.202,0.1,0
28.971,2.2146e+07,1.0149,5146,0.10602,0,9.1872e+05,0.044596,663.74,,1.204,0.204,0.1,0
28.969,2.2145e+07,1.015,5146,0.10888,0,9.1866e+05,0.044442,663.73,,1.206,0.206,0.1,0
28.967,2.2143e+07,1.0151,5146,0.11174,0,9.1859e+05,0.044287,663.73,,1.208,0.208,0.1,0
28.965,2.2142e+07,1.0151,5146,0.1146,0,9.1853e+05,0.044133,663.73,,1.21,0.21,0.1,0
28.963,2.214e+07,1.0152,5146,0.11745,0,9.1846e+05,0.043978,663.73,,1.212,0.212,0.1,0
28.961,2.2138e+07,1.0153,5146,0.12031,0,9.184e+05,0.043824,663.73,,1.214,0.214,0.1,0
28.958,2.2137e+07,1.0154,5146,0.12317,0,9.1833e+05,0.04367,663.73,,1.216,0.216,0.1,0
28.956,2.2135e+07,1.0154,5146,0.12603,0,9.1827e+05,0.043515,663.73,,1.218,0.218,0.1,0
28.954,2.2134e+07,1.0155,5146,0.12888,0,9.182e+05,0.043361,663.73,,1.22,0.22,0.1,0
28.952,2.2132e+07,1.0156,5146,0.13174,0,9.1814e+05,0.043206,663.72,,1.222,0.222,0.1,0
28.95,2.213e+07,1.0156,5146,0.1346,0,9.1807e+05,0.043052,663.72,,1.224,0.224,0.1,0
28.948,2.2129e+07,1.0157,5146,0.13746,0,9.1801e+05,0.042897,663.72,,1.226,0.226,0.1,0
28.946,2.2127e+07,1.0158,5146,0.14031,0,9.1794e+05,0.042743,663.72,,1.228,0.228,0.1,0
28.944,2.2125e+07,1.0158,5146,0.14317,0,9.1788e+05,0.042589,663.72,,1.23,0.23,0.1,0
28.942,2.2124e+07,1.0159,5146,0.14603,0,9.1781e+05,0.042434,663.72,,1.232,0.232,0.1,0
28.939,2.2122e+07,1.016,5145.9,0.14889,0,9.1775e+05,0.04228,663.72,,1.234,0.234,0.1,0
28.937,2.2121e+07,1.0161,5145.9,0.15175,0,9.1769e+05,0.042125,663.72,,1.236,0.236,0.1,0
28.935,2.2118e+07,1.0161,5145.9,0.1521,0,9.176e+05,0.041927,663.71,,1.238,0.238,0.1,0
28.931,2.2116e+07,1.0163,5145.9,0.14992,0,9.175e+05,0.041684,663.71,,1.24,0.24,0.1,0
28.928,2.2113e+07,1.0164,5145.9,0.14775,0,9.174e+05,0.041441,663.71,,1.242,0.242,0.1,0
28.925,2.2111e+07,1.0165,5145.9,0.14557,0,9.173e+05,0.041198,663.71,,1.244,0.244,0.1,0
28.921,2.2108e+07,1.0166,5145.9,0.14339,0,9.1719e+05,0.040955,663.71,,1.246,0.246,0.1,0
28.918,2.2106e+07,1.0167,5145.9,0.14122,0,9.1709e+05,0.040712,663.7,,1.248,0.248,0.1,0
28.915,2.2103e+07,1.0168,5145.9,0.13904,0,9.1699e+05,0.040469,663.7,,1.25,0.25,0.1,0
28.911,2.2101e+07,1.0169,5145.9,0.13686,0,9.1689e+05,0.040226,663.7,,1.252,0.252,0.1,0
28.908,2.2098e+07,1.017,5145.9,0.13469,0,9.1679e+05,0.039983,663.7,,1.254,0.254,0.1,0
28.905,2.2096e+07,1.0172,5145.9,0.13251,0,9.1668e+05,0.03974,663.7,,1.256,0.256,0.1,0
28.901,2.2093e+07,1.0173,5145.9,0.13033,0,9.1658e+05,0.039497,663.69,,1.258,0.258,0.1,0
28.898,2.209e+07,1.0174,5145.9,0.12816,0,9.1648e+05,0.039254,663.69,,1.26,0.26,0.1,0
28.895,2.2088e+07,1.0175,5145.9,0.12598,0,9.1638e+05,0.039011,663.69,,1.262,0.262,0.1,0
28.891,2.2085e+07,1.0176,5145.9,0.1238,0,9.1628e+05,0.038768,663.69,,1.264,0.264,0.1,0
28.888,2.2083e+07,1.0177,5145.9,0.12163,0,9.1617e+05,0.038525,663.69,,1.266,0.266,0.1,0
28.885,2.208e+07,1.0178,5145.9,0.11945,0,9.1607e+05,0.038282,663.68,,1.268,0.268,0.1,0
28.881,2.2078e+07,1.0179,5145.9,0.11727,0,9.1597e+05,0.038039,663.68,,1.27,0.27,0.1,0
28.878,2.2075e+07,1.0181,5145.9,0.1151,0,9.1587e+05,0.037796,663.68,,1.272,0.272,0.1,0
28.875,2.2073e+07,1.0182,5145.9,0.11292,0,9.1577e+05,0.037553,663.68,,1.274,0.274,0.1,0
28.871,2.207e+07,1.0183,5145.9,0.11074,0,9.1566e+05,0.03731,663.68,,1.276,0.276,0.1,0
28.868,2.2067e+07,1.0184,5145.9,0.093157,0,9.1556e+05,0.037062,663.67,,1.278,0.278,0.1,0
28.865,2.2065e+07,1.0185,5145.9,0.065191,0,9.1545e+05,0.03681,663.67,,1.28,0.28,0.1,0
28.86,2.2061e+07,1.0187,5145.9,-0.0016457,0,9.1531e+05,0.036472,663.67,,1.282,0.282,0.1,0
28.853,2.2056e+07,1.0189,5145.9,-0.12736,0,9.1511e+05,0.036,663.67,,1.284,0.284,0.1,0
28.847,2.2051e+07,1.0191,5145.9,-0.25319,0,9.1491e+05,0.03551,663.66,,1.286,0.286,0.1,0
28.84,2.2046e+07,1.0193,5145.8,-0.37914,0,9.1469e+05,0.035,663.66,,1.288,0.288,0.1,0
28.833,2.2041e+07,1.0196,5145.8,-0.50509,0,9.1448e+05,0.03449,663.65,,1.29,0.29,0.1,0
28.826,2.2035e+07,1.0198,5145.8,-0.63105,0,9.1427e+05,0.03398,663.65,,1.292,0.292,0.1,0
28.819,2.203e+07,1.02,5145.8,-0.757,0,9.1405e+05,0.033471,663.64,,1.294,0.294,0.1,0
28.812,2.2025e+07,1.0203,5145.8,-0.88295,0,9.1384e+05,0.032961,663.64,,1.296,0.296,0.1,0
28.805,2.2019e+07,1.0205,5145.8,-1.0089,0,9.1362e+05,0.032451,663.64,,1.298,0.298,0.1,0
28.798,2.2014e+07,1.0207,5145.7,-1.1349,0,9.1341e+05,0.031942,663.63,,1.3,0.3,0.1,0
28.791,2.2008e+07,1.021,5145.7,-1.2608,0,9.132e+05,0.031432,663.63,,1.302,0.302,0.1,0
28.784,2.2003e+07,1.0212,5145.7,-1.3868,0,9.1298e+05,0.030922,663.62,,1.304,0.304,0.1,0
28.77,2.1992e+07,1.0217,5145.6,-1.7449,0,9.1255e+05,0.02989,663.62,,1.306,0.306,0.1,0
28.756,2.1981e+07,1.0222,5145.6,-2.1049,0,9.1211e+05,0.028853,663.61,,1.308,0.308,0.1,0
28.741,2.1971e+07,1.0226,5145.5,-2.4649,0,9.1168e+05,0.027816,663.6,,1.31,0.31,0.1,0
28.723,2.1956e+07,1.0232,5145.4,-3.087,0,9.1111e+05,0.026465,663.59,,1.312,0.312,0.1,0
28.698,2.1937e+07,1.0241,5145.2,-3.9821,0,9.1034e+05,0.024624,663.57,,1.314,0.314,0.1,0
28.669,2.1915e+07,1.025,5144.9,-5.0032,0,9.0945e+05,0.022501,663.56,,1.316,0.316,0.1,0
28.64,2.1893e+07,1.0259,5144.7,-6.0504,0,9.0857e+05,0.020409,663.54,,1.318,0.318,0.1,0
28.591,2.1856e+07,1.0275,5144.2,-7.9715,0,9.0708e+05,0.016873,663.51,,1.32,0.32,0.1,0
28.528,2.1808e+07,1.0296,5143.5,-10.719,0,9.0515e+05,0.012263,663.47,,1.322,0.322,0.1,0
28.449,2.1747e+07,1.0321,5142.5,-14.435,0,9.0271e+05,0.0064452,663.43,,1.324,0.324,0.1,0
28.347,2.1669e+07,1.0354,5141.1,-19.526,0,8.996e+05,-0.00095612,663.36,,1.326,0.326,0.1,0
28.215,2.1568e+07,1.0397,5139,-26.672,0,8.9555e+05,-0.010606,663.29,,1.328,0.328,0.1,0
28.06,2.1449e+07,1.0447,5136.4,-35.385,0,8.9077e+05,-0.021979,663.19,,1.33,0.33,0.1,0
27.891,2.1319e+07,1.0502,5133.4,-44.936,0,8.8558e+05,-0.034349,663.09,,1.332,0.332,0.1,0
27.713,2.1184e+07,1.056,5130,-55.164,0,8.8013e+05,-0.047334,662.98,,1.334,0.334,0.1,0
27.534,2.1046e+07,1.0618,5126.2,-65.844,0,8.7461e+05,-0.060478,662.87,,1.336,0.336,0.1,0
27.355,2.0909e+07,1.0677,5122.1,-76.901,0,8.6911e+05,-0.073575,662.76,,1.338,0.338,0.1,0
27.175,2.0772e+07,1.0736,5117.6,-88.358,0,8.6358e+05,-0.086745,662.65,,1.34,0.34,0.1,0
26.993,2.0633e+07,1.0796,5112.7,-100.24,0,8.5799e+05,-0.10007,662.54,,1.342,0.342,0.1,0
26.81,2.0492e+07,1.0856,5107.3,-112.46,0,8.5233e+05,-0.11354,662.43,,1.344,0.344,0.1,0
26.622,2.0349e+07,1.0918,5101.4,-125.22,0,8.4655e+05,-0.12731,662.31,,1.346,0.346,0.1,0
26.432,2.0203e+07,1.098,5095,-138.46,0,8.4068e+05,-0.14129,662.19,,1.348,0.348,0.1,0
26.238,2.0055e+07,1.1044,5088,-152.31,0,8.3471e+05,-0.15552,662.07,,1.35,0.35,0.1,0
26.043,1.9905e+07,1.1109,5080.6,-166.69,0,8.2867e+05,-0.16991,661.94,,1.352,0.352,0.1,0
25.845,1.9754e+07,1.1174,5072.5,-181.72,0,8.2256e+05,-0.18445,661.81,,1.354,0.354,0.1,0
25.648,1.9603e+07,1.124,5064.1,-197.09,0,8.1649e+05,-0.19893,661.68,,1.356,0.356,0.1,0
25.452,1.9453e+07,1.1305,5055.2,-212.72,0,8.1042e+05,-0.21337,661.56,,1.358,0.358,0.1,0
25.255,1.9303e+07,1.137,5045.8,-228.66,0,8.0434e+05,-0.22786,661.43,,1.36,0.36,0.1,0
25.058,1.9152e+07,1.1436,5036,-244.9,0,7.9825e+05,-0.24238,661.3,,1.362,0.362,0.1,0
24.859,1.8999e+07,1.1502,5025.5,-261.58,0,7.9207e+05,-0.25708,661.16,,1.364,0.364,0.1,0
24.657,1.8845e+07,1.157,5014.4,-278.72,0,7.8581e+05,-0.272,661.03,,1.366,0.366,0.1,0
24.449,1.8685e+07,1.164,5002.4,-296.6,0,7.7935e+05,-0.28738,660.88,,1.368,0.368,0.1,0
24.232,1.852e+07,1.1713,4989.5,-315.4,0,7.7263e+05,-0.30339,660.74,,1.37,0.37,0.1,0
24.005,1.8346e+07,1.1789,4975.3,-335.3,0,7.6559e+05,-0.32016,660.58,,1.372,0.372,0.1,0
23.783,1.8176e+07,1.1865,4960.8,-355.07,0,7.5869e+05,-0.3366,660.43,,1.374,0.374,0.1,0
23.589,1.8027e+07,1.1931,4947.7,-372.32,0,7.5266e+05,-0.35097,660.29,,1.376,0.376,0.1,0
23.438,1.7912e+07,1.1983,4937.4,-385.22,0,7.4796e+05,-0.36214,660.18,,1.378,0.378,0.1,0
23.328,1.7828e+07,1.2021,4929.9,-394.75,0,7.4453e+05,-0.37032,660.1,,1.38,0.38,0.1,0
23.252,1.777e+07,1.2047,4924.4,-401.43,0,7.4218e+05,-0.37591,660.05,,1.382,0.382,0.1,0
23.201,1.7731e+07,1.2065,4920.7,-406.04,0,7.4058e+05,-0.37973,660.01,,1.384,0.384,0.1,0
23.162,1.7701e+07,1.2078,4918,-409.41,0,7.3938e+05,-0.38258,659.99,,1.386,0.386,0.1,0
23.137,1.7682e+07,1.2087,4916.1,-411.44,0,7.3859e+05,-0.38447,659.97,,1.388,0.388,0.1,0
23.12,1.7669e+07,1.2092,4914.6,-412.61,0,7.3806e+05,-0.38573,659.96,,1.39,0.39,0.1,0
23.103,1.7656e+07,1.2097,4913.1,-413.77,0,7.3754e+05,-0.38698,659.95,,1.392,0.392,0.1,0
23.084,1.7641e+07,1.2103,4911.6,-415.29,0,7.3696e+05,-0.38836,659.93,,1.394,0.394,0.1,0
23.073,1.7633e+07,1.2107,4910.8,-416.42,0,7.3662e+05,-0.38917,659.92,,1.396,0.396,0.1,0
23.067,1.7628e+07,1.2109,4910.3,-417.12,0,7.3642e+05,-0.38963,659.92,,1.398,0.398,0.1,0
23.062,1.7624e+07,1.2111,4910,-417.81,0,7.3626e+05,-0.39003,659.91,,1.4,0.4,0.1,0
23.057,1.7621e+07,1.2113,4909.8,-418.5,0,7.3611e+05,-0.39039,659.91,,1.402,0.402,0.1,0
23.052,1.7617e+07,1.2115,4909.5,-419.2,0,7.3596e+05,-0.39074,659.9,,1.404,0.404,0.1,0
23.047,1.7613e+07,1.2117,4909.2,-419.89,0,7.3581e+05,-0.3911,659.9,,1.406,0.406,0.1,0
23.043,1.7609e+07,1.2119,4909,-420.58,0,7.3566e+05,-0.39146,659.89,,1.408,0.408,0.1,0
23.039,1.7607e+07,1.212,4908.8,-421.03,0,7.3556e+05,-0.3917,659.89,,1.41,0.41,0.1,0
23.039,1.7606e+07,1.212,4908.6,-421.14,0,7.3553e+05,-0.39176,659.89,,1.412,0.412,0.1,0
23.038,1.7606e+07,1.212,4908.5,-421.25,0,7.355e+05,-0.39183,659.89,,1.414,0.414,0.1,0
23.037,1.7605e+07,1.2121,4908.3,-421.35,0,7.3547e+05,-0.3919,659.89,,1.416,0.416,0.1,0
23.036,1.7604e+07,1.2121,4908.2,-421.52,0,7.3544e+05,-0.39198,659.89,,1.418,0.418,0.1,0
23.035,1.7603e+07,1.2121,4908,-421.71,0,7.3541e+05,-0.39206,659.89,,1.42,0.42,0.1,0
23.034,1.7602e+07,1.2121,4907.9,-421.9,0,7.3537e+05,-0.39214,659.89,,1.422,0.422,0.1,0
23.032,1.7602e+07,1.2122,4907.8,-422.09,0,7.3534e+05,-0.39222,659.89,,1.424,0.424,0.1,0
23.031,1.7601e+07,1.2122,4907.6,-422.28,0,7.3531e+05,-0.3923,659.89,,1.426,0.426,0.1,0
23.03,1.76e+07,1.2122,4907.5,-422.47,0,7.3527e+05,-0.39238,659.89,,1.428,0.428,0.1,0
23.029,1.7599e+07,1.2122,4907.4,-422.66,0,7.3524e+05,-0.39246,659.89,,1.43,0.43,0.1,0
23.028,1.7598e+07,1.2123,4907.2,-422.85,0,7.3521e+05,-0.39254,659.89,,1.432,0.432,0.1,0
23.027,1.7597e+07,1.2123,4907.1,-423.04,0,7.3517e+05,-0.39262,659.88,,1.434,0.434,0.1,0
23.026,1.7597e+07,1.2123,4907,-423.22,0,7.3514e+05,-0.3927,659.88,,1.436,0.436,0.1,0
23.025,1.7596e+07,1.2123,4906.8,-423.41,0,7.351e+05,-0.39278,659.88,,1.438,0.438,0.1,0
23.024,1.7595e+07,1.2124,4906.7,-423.6,0,7.3507e+05,-0.39286,659.88,,1.44,0.44,0.1,0
23.023,1.7594e+07,1.2124,4906.6,-423.79,0,7.3503e+05,-0.39295,659.88,,1.442,0.442,0.1,0
23.021,1.7593e+07,1.2124,4906.4,-423.98,0,7.3499e+05,-0.39304,659.88,,1.444,0.444,0.1,0
23.02,1.7592e+07,1.2125,4906.3,-424.17,0,7.3495e+05,-0.39313,659.88,,1.446,0.446,0.1,0
23.019,1.7591e+07,1.2125,4906.2,-424.36,0,7.3492e+05,-0.39323,659.88,,1.448,0.448,0.1,0
23.018,1.759e+07,1.2125,4906,-424.55,0,7.3488e+05,-0.39332,659.88,,1.45,0.45,0.1,0
23.016,1.7589e+07,1.2126,4905.9,-424.74,0,7.3484e+05,-0.39341,659.88,,1.452,0.452,0.1,0
23.015,1.7588e+07,1.2126,4905.8,-424.93,0,7.348e+05,-0.39351,659.87,,1.454,0.454,0.1,0
23.014,1.7587e+07,1.2126,4905.6,-425.12,0,7.3476e+05,-0.3936,659.87,,1.456,0.456,0.1,0
23.013,1.7586e+07,1.2127,4905.5,-425.31,0,7.3472e+05,-0.39369,659.87,,1.458,0.458,0.1,0
23.011,1.7585e+07,1.2127,4905.4,-425.5,0,7.3468e+05,-0.39379,659.87,,1.46,0.46,0.1,0
23.01,1.7584e+07,1.2128,4905.2,-425.69,0,7.3464e+05,-0.39388,659.87,,1.462,0.462,0.1,0
23.01,1.7584e+07,1.2128,4905.2,-425.71,0,7.3463e+05,-0.3939,659.87,,1.464,0.464,0.1,0
23.01,1.7584e+07,1.2128,4905.1,-425.72,0,7.3463e+05,-0.39391,659.87,,1.466,0.466,0.1,0
23.009,1.7584e+07,1.2128,4905.1,-425.74,0,7.3462e+05,-0.39393,659.87,,1.468,0.468,0.1,0
23.009,1.7584e+07,1.2128,4905.1,-425.75,0,7.3462e+05,-0.39394,659.87,,1.47,0.47,0.1,0
23.009,1.7583e+07,1.2128,4905,-425.77,0,7.3461e+05,-0.39396,659.87,,1.472,0.472,0.1,0
23.009,1.7583e+07,1.2128,4905,-425.78,0,7.346e+05,-0.39397,659.87,,1.474,0.474,0.1,0
23.009,1.7583e+07,1.2128,4904.9,-425.8,0,7.346e+05,-0.39398,659.87,,1.476,0.476,0.1,0
23.008,1.7583e+07,1.2128,4904.9,-425.81,0,7.3459e+05,-0.394,659.87,,1.478,0.478,0.1,0
23.008,1.7583e+07,1.2128,4904.9,-425.83,0,7.3459e+05,-0.39401,659.87,,1.48,0.48,0.1,0
23.008,1.7583e+07,1.2128,4904.8,-425.84,0,7.3458e+05,-0.39403,659.87,,1.482,0.482,0.1,0
23.008,1.7583e+07,1.2128,4904.8,-425.86,0,7.3457e+05,-0.39404,659.87,,1.484,0.484,0.1,0
23.008,1.7582e+07,1.2128,4904.7,-425.87,0,7.3457e+05,-0.39405,659.87,,1.486,0.486,0.1,0
23.007,1.7582e+07,1.2128,4904.7,-425.89,0,7.3456e+05,-0.39407,659.87,,1.488,0.488,0.1,0
23.007,1.7582e+07,1.2128,4904.7,-425.9,0,7.3456e+05,-0.39408,659.87,,1.49,0.49,0.1,0
23.007,1.7582e+07,1.2128,4904.6,-425.92,0,7.3455e+05,-0.3941,659.87,,1.492,0.492,0.1,0
23.007,1.7582e+07,1.2128,4904.6,-425.93,0,7.3454e+05,-0.39411,659.87,,1.494,0.494,0.1,0
23.007,1.7582e+07,1.2128,4904.6,-425.95,0,7.3454e+05,-0.39413,659.87,,1.496,0.496,0.1,0
23.006,1.7582e+07,1.2128,4904.5,-425.96,0,7.3453e+05,-0.39414,659.87,,1.498,0.498,0.1,0
23.006,1.7581e+07,1.2128,4904.5,-425.98,0,7.3453e+05,-0.39415,659.87,,1.5,0.5,0.1,0
23.006,1.7581e+07,1.2128,4904.4,-425.99,0,7.3452e+05,-0.39417,659.87,,1.502,0.502,0.1,0
23.006,1.7581e+07,1.2128,4904.4,-426.01,0,7.3451e+05,-0.39418,659.87,,1.504,0.504,0.1,0
23.006,1.7581e+07,1.2128,4904.4,-426.02,0,7.3451e+05,-0.3942,659.87,,1.506,0.506,0.1,0
23.005,1.7581e+07,1.2128,4904.3,-426.08,0,7.345e+05,-0.39423,659.87,,1.508,0.508,0.1,0
23.005,1.758e+07,1.2128,4904.2,-426.14,0,7.3448e+05,-0.39426,659.87,,1.51,0.51,0.1,0
23.004,1.758e+07,1.2128,4904.2,-426.2,0,7.3447e+05,-0.3943,659.87,,1.512,0.512,0.1,0
23.004,1.758e+07,1.2128,4904.1,-426.26,0,7.3445e+05,-0.39433,659.87,,1.514,0.514,0.1,0
23.003,1.7579e+07,1.2128,4904.1,-426.32,0,7.3444e+05,-0.39436,659.87,,1.516,0.516,0.1,0
23.003,1.7579e+07,1.2128,4904,-426.38,0,7.3442e+05,-0.3944,659.87,,1.518,0.518,0.1,0
23.002,1.7578e+07,1.2128,4903.9,-426.44,0,7.3441e+05,-0.39443,659.87,,1.52,0.52,0.1,0
23.002,1.7578e+07,1.2128,4903.9,-426.51,0,7.3439e+05,-0.39447,659.87,,1.522,0.522,0.1,0
23.001,1.7578e+07,1.2129,4903.8,-426.57,0,7.3438e+05,-0.3945,659.87,,1.524,0.524,0.1,0
23.001,1.7577e+07,1.2129,4903.8,-426.63,0,7.3437e+05,-0.39454,659.87,,1.526,0.526,0.1,0
23.001,1.7577e+07,1.2129,4903.7,-426.69,0,7.3435e+05,-0.39457,659.87,,1.528,0.528,0.1,0
23,1.7577e+07,1.2129,4903.6,-426.75,0,7.3434e+05,-0.39461,659.87,,1.53,0.53,0.1,0
23,1.7576e+07,1.2129,4903.6,-426.81,0,7.3432e+05,-0.39464,659.87,,1.532,0.532,0.1,0
22.999,1.7576e+07,1.2129,4903.5,-426.87,0,7.3431e+05,-0.39467,659.87,,1.534,0.534,0.1,0
22.999,1.7576e+07,1.2129,4903.4,-426.94,0,7.3429e+05,-0.39471,659.87,,1.536,0.536,0.1,0
22.998,1.7575e+07,1.2129,4903.4,-427,0,7.3428e+05,-0.39474,659.87,,1.538,0.538,0.1,0
22.998,1.7575e+07,1.2129,4903.3,-427.06,0,7.3426e+05,-0.39478,659.87,,1.54,0.54,0.1,0
22.997,1.7575e+07,1.2129,4903.3,-427.12,0,7.3425e+05,-0.39481,659.87,,1.542,0.542,0.1,0
22.997,1.7574e+07,1.213,4903.2,-427.18,0,7.3424e+05,-0.39485,659.87,,1.544,0.544,0.1,0
22.996,1.7574e+07,1.213,4903.1,-427.24,0,7.3422e+05,-0.39488,659.87,,1.546,0.546,0.1,0
22.996,1.7573e+07,1.213,4903.1,-427.3,0,7.3421e+05,-0.39491,659.86,,1.548,0.548,0.1,0
22.996,1.7573e+07,1.213,4903.1,-427.29,0,7.3421e+05,-0.39492,659.86,,1.55,0.55,0.1,0
22.996,1.7573e+07,1.213,4903.1,-427.29,0,7.342e+05,-0.39492,659.86,,1.552,0.552,0.1,0
22.996,1.7573e+07,1.213,4903.1,-427.29,0,7.342e+05,-0.39493,659.86,,1.554,0.554,0.1,0
22.996,1.7573e+07,1.213,4903.1,-427.28,0,7.342e+05,-0.39493,659.86,,1.556,0.556,0.1,0
22.996,1.7573e+07,1.213,4903.1,-427.28,0,7.342e+05,-0.39494,659.86,,1.558,0.558,0.1,0
22.996,1.7573e+07,1.213,4903.1,-427.28,0,7.342e+05,-0.39494,659.86,,1.56,0.56,0.1,0
22.995,1.7573e+07,1.213,4903.1,-427.27,0,7.3419e+05,-0.39495,659.86,,1.562,0.562,0.1,0
22.995,1.7573e+07,1.213,4903.1,-427.27,0,7.3419e+05,-0.39495,659.87,,1.564,0.564,0.1,0
22.995,1.7573e+07,1.213,4903.1,-427.27,0,7.3419e+05,-0.39496,659.87,,1.566,0.566,0.1,0
22.995,1.7573e+07,1.213,4903.1,-427.26,0,7.3419e+05,-0.39496,659.87,,1.568,0.568,0.1,0
22.995,1.7573e+07,1.213,4903.1,-427.26,0,7.3418e+05,-0.39497,659.87,,1.57,0.57,0.1,0
22.995,1.7573e+07,1.213,4903.1,-427.26,0,7.3418e+05,-0.39497,659.87,,1.572,0.572,0.1,0
22.995,1.7573e+07,1.213,4903.1,-427.25,0,7.3418e+05,-0.39498,659.87,,1.574,0.574,0.1,0
22.995,1.7573e+07,1.213,4903.1,-427.25,0,7.3418e+05,-0.39498,659.87,,1.576,0.576,0.1,0
22.995,1.7573e+07,1.213,4903.1,-427.25,0,7.3418e+05,-0.39499,659.87,,1.578,0.578,0.1,0
22.995,1.7573e+07,1.213,4903.1,-427.24,0,7.3417e+05,-0.39499,659.87,,1.58,0.58,0.1,0
22.995,1.7573e+07,1.213,4903.1,-427.24,0,7.3417e+05,-0.395,659.87,,1.582,0.582,0.1,0
22.995,1.7573e+07,1.213,4903.1,-427.23,0,7.3417e+05,-0.395,659.87,,1.584,0.584,0.1,0
22.995,1.7572e+07,1.213,4903,-427.24,0,7.3416e+05,-0.39501,659.87,,1.586,0.586,0.1,0
22.994,1.7572e+07,1.213,4903,-427.25,0,7.3416e+05,-0.39504,659.86,,1.588,0.588,0.1,0
22.994,1.7572e+07,1.2131,4903,-427.26,0,7.3415e+05,-0.39506,659.86,,1.59,0.59,0.1,0
22.994,1.7572e+07,1.2131,4903,-427.27,0,7.3414e+05,-0.39508,659.86,,1.592,0.592,0.1,0
22.993,1.7572e+07,1.2131,4902.9,-427.28,0,7.3413e+05,-0.3951,659.86,,1.594,0.594,0.1,0
22.993,1.7571e+07,1.2131,4902.9,-427.29,0,7.3412e+05,-0.39512,659.86,,1.596,0.596,0.1,0
22.993,1.7571e+07,1.2131,4902.9,-427.3,0,7.3411e+05,-0.39514,659.86,,1.598,0.598,0.1,0
22.993,1.7571e+07,1.2131,4902.9,-427.31,0,7.341e+05,-0.39516,659.86,,1.6,0.6,0.1,0
22.992,1.7571e+07,1.2131,4902.9,-427.32,0,7.3409e+05,-0.39518,659.86,,1.602,0.602,0.1,0
22.992,1.7571e+07,1.2131,4902.8,-427.34,0,7.3409e+05,-0.3952,659.86,,1.604,0.604,0.1,0
22.992,1.757e+07,1.2131,4902.8,-427.35,0,7.3408e+05,-0.39523,659.86,,1.606,0.606,0.1,0
22.991,1.757e+07,1.2131,4902.8,-427.36,0,7.3407e+05,-0.39525,659.86,,1.608,0.608,0.1,0
22.991,1.757e+07,1.2131,4902.8,-427.37,0,7.3406e+05,-0.39527,659.86,,1.61,0.61,0.1,0
22.991,1.757e+07,1.2132,4902.7,-427.38,0,7.3405e+05,-0.39529,659.86,,1.612,0.612,0.1,0
22.99,1.7569e+07,1.2132,4902.7,-427.39,0,7.3404e+05,-0.39531,659.86,,1.614,0.614,0.1,0
22.99,1.7569e+07,1.2132,4902.7,-427.4,0,7.3403e+05,-0.39533,659.86,,1.616,0.616,0.1,0
22.99,1.7569e+07,1.2132,4902.7,-427.41,0,7.3402e+05,-0.39535,659.86,,1.618,0.618,0.1,0
22.99,1.7569e+07,1.2132,4902.6,-427.42,0,7.3401e+05,-0.39537,659.86,,1.62,0.62,0.1,0
22.989,1.7569e+07,1.2132,4902.6,-427.44,0,7.3401e+05,-0.39539,659.86,,1.622,0.622,0.1,0
22.989,1.7568e+07,1.2132,4902.6,-427.45,0,7.34e+05,-0.39542,659.86,,1.624,0.624,0.1,0
22.989,1.7568e+07,1.2132,4902.6,-427.46,0,7.3399e+05,-0.39544,659.86,,1.626,0.626,0.1,0
22.988,1.7568e+07,1.2132,4902.5,-427.47,0,7.3398e+05,-0.39546,659.86,,1.628,0.628,0.1,0
22.988,1.7568e+07,1.2132,4902.5,-427.48,0,7.3397e+05,-0.39548,659.86,,1.63,0.63,0.1,0
22.988,1.7567e+07,1.2132,4902.5,-427.49,0,7.3396e+05,-0.3955,659.86,,1.632,0.632,0.1,0
22.988,1.7567e+07,1.2133,4902.5,-427.5,0,7.3395e+05,-0.39552,659.86,,1.634,0.634,0.1,0
22.987,1.7567e+07,1.2133,4902.4,-427.51,0,7.3394e+05,-0.39554,659.86,,1.636,0.636,0.1,0
22.987,1.7567e+07,1.2133,4902.4,-427.49,0,7.3394e+05,-0.39555,659.86,,1.638,0.638,0.1,0
22.987,1.7567e+07,1.2133,4902.4,-427.48,0,7.3393e+05,-0.39557,659.86,,1.64,0.64,0.1,0
22.987,1.7567e+07,1.2133,4902.4,-427.47,0,7.3393e+05,-0.39558,659.86,,1.642,0.642,0.1,0
22.987,1.7566e+07,1.2133,4902.4,-427.45,0,7.3392e+05,-0.39559,659.86,,1.644,0.644,0.1,0
22.986,1.7566e+07,1.2133,4902.4,-427.44,0,7.3392e+05,-0.39561,659.86,,1.646,0.646,0.1,0
22.986,1.7566e+07,1.2133,4902.4,-427.42,0,7.3391e+05,-0.39562,659.86,,1.648,0.648,0.1,0
22.986,1.7566e+07,1.2133,4902.4,-427.41,0,7.339e+05,-0.39563,659.86,,1.65,0.65,0.1,0
22.986,1.7566e+07,1.2133,4902.4,-427.4,0,7.339e+05,-0.39565,659.86,,1.652,0.652,0.1,0
22.986,1.7566e+07,1.2133,4902.4,-427.38,0,7.3389e+05,-0.39566,659.86,,1.654,0.654,0.1,0
22.986,1.7566e+07,1.2133,4902.4,-427.37,0,7.3389e+05,-0.39567,659.86,,1.656,0.656,0.1,0
22.985,1.7566e+07,1.2133,4902.4,-427.35,0,7.3388e+05,-0.39569,659.86,,1.658,0.658,0.1,0
22.985,1.7565e+07,1.2133,4902.4,-427.34,0,7.3388e+05,-0.3957,659.86,,1.66,0.66,0.1,0
22.985,1.7565e+07,1.2134,4902.4,-427.33,0,7.3387e+05,-0.39572,659.86,,1.662,0.662,0.1,0
22.985,1.7565e+07,1.2134,4902.4,-427.31,0,7.3386e+05,-0.39573,659.86,,1.664,0.664,0.1,0
22.985,1.7565e+07,1.2134,4902.3,-427.3,0,7.3386e+05,-0.39574,659.86,,1.666,0.666,0.1,0
22.984,1.7565e+07,1.2134,4902.3,-427.28,0,7.3385e+05,-0.39576,659.86,,1.668,0.668,0.1,0
22.984,1.7565e+07,1.2134,4902.3,-427.26,0,7.3384e+05,-0.39579,659.86,,1.67,0.67,0.1,0
22.984,1.7564e+07,1.2134,4902.3,-427.24,0,7.3383e+05,-0.39582,659.86,,1.672,0.672,0.1,0
22.983,1.7564e+07,1.2134,4902.3,-427.22,0,7.3381e+05,-0.39585,659.86,,1.674,0.674,0.1,0
22.983,1.7564e+07,1.2134,4902.3,-427.2,0,7.338e+05,-0.39588,659.86,,1.676,0.676,0.1,0
22.982,1.7563e+07,1.2135,4902.2,-427.18,0,7.3379e+05,-0.39591,659.86,,1.678,0.678,0.1,0
22.982,1.7563e+07,1.2135,4902.2,-427.16,0,7.3377e+05,-0.39594,659.86,,1.68,0.68,0.1,0
22.981,1.7563e+07,1.2135,4902.2,-427.14,0,7.3376e+05,-0.39598,659.86,,1.682,0.682,0.1,0
22.981,1.7562e+07,1.2135,4902.2,-427.12,0,7.3375e+05,-0.39601,659.86,,1.684,0.684,0.1,0
22.981,1.7562e+07,1.2135,4902.1,-427.1,0,7.3373e+05,-0.39604,659.86,,1.686,0.686,0.1,0
22.98,1.7562e+07,1.2135,4902.1,-427.08,0,7.3372e+05,-0.39607,659.86,,1.688,0.688,0.1,0
22.98,1.7561e+07,1.2136,4902.1,-427.06,0,7.3371e+05,-0.3961,659.86,,1.69,0.69,0.1,0
22.979,1.7561e+07,1.2136,4902.1,-427.04,0,7.337e+05,-0.39613,659.86,,1.692,0.692,0.1,0
22.979,1.7561e+07,1.2136,4902,-427.02,0,7.3368e+05,-0.39616,659.86,,1.694,0.694,0.1,0
22.979,1.756e+07,1.2136,4902,-427,0,7.3367e+05,-0.3962,659.86,,1.696,0.696,0.1,0
22.978,1.756e+07,1.2136,4902,-426.98,0,7.3366e+05,-0.39623,659.86,,1.698,0.698,0.1,0
22.978,1.756e+07,1.2136,4902,-426.96,0,7.3364e+05,-0.39626,659.85,,1.7,0.7,0.1,0
22.977,1.7559e+07,1.2136,4902,-426.94,0,7.3363e+05,-0.39629,659.85,,1.702,0.702,0.1,0
22.977,1.7559e+07,1.2137,4901.9,-426.92,0,7.3362e+05,-0.39632,659.85,,1.704,0.704,0.1,0
22.976,1.7559e+07,1.2137,4901.9,-426.9,0,7.336e+05,-0.39635,659.85,,1.706,0.706,0.1,0
22.976,1.7558e+07,1.2137,4901.9,-426.88,0,7.3359e+05,-0.39638,659.85,,1.708,0.708,0.1,0
22.976,1.7558e+07,1.2137,4901.9,-426.86,0,7.3358e+05,-0.39641,659.85,,1.71,0.71,0.1,0
22.975,1.7558e+07,1.2137,4901.8,-426.84,0,7.3356e+05,-0.39645,659.85,,1.712,0.712,0.1,0
22.975,1.7557e+07,1.2137,4901.8,-426.81,0,7.3355e+05,-0.39648,659.85,,1.714,0.714,0.1,0
22.974,1.7557e+07,1.2138,4901.8,-426.79,0,7.3354e+05,-0.39651,659.85,,1.716,0.716,0.1,0
22.974,1.7557e+07,1.2138,4901.8,-426.77,0,7.3352e+05,-0.39654,659.85,,1.718,0.718,0.1,0
22.973,1.7556e+07,1.2138,4901.8,-426.75,0,7.3351e+05,-0.39657,659.85,,1.72,0.72,0.1,0
22.973,1.7556e+07,1.2138,4901.7,-426.73,0,7.335e+05,-0.3966,659.85,,1.722,0.722,0.1,0
22.973,1.7556e+07,1.2138,4901.7,-426.71,0,7.3349e+05,-0.39663,659.85,,1.724,0.724,0.1,0
22.972,1.7556e+07,1.2138,4901.7,-426.69,0,7.3347e+05,-0.39666,659.85,,1.726,0.726,0.1,0
22.972,1.7555e+07,1.2138,4901.7,-426.67,0,7.3346e+05,-0.3967,659.85,,1.728,0.728,0.1,0
22.971,1.7555e+07,1.2139,4901.7,-426.64,0,7.3345e+05,-0.39673,659.85,,1.73,0.73,0.1,0
22.971,1.7555e+07,1.2139,4901.6,-426.61,0,7.3343e+05,-0.39676,659.85,,1.732,0.732,0.1,0
22.97,1.7554e+07,1.2139,4901.6,-426.59,0,7.3342e+05,-0.39679,659.85,,1.734,0.734,0.1,0
22.97,1.7554e+07,1.2139,4901.6,-426.56,0,7.3341e+05,-0.39682,659.85,,1.736,0.736,0.1,0
22.97,1.7554e+07,1.2139,4901.6,-426.53,0,7.3339e+05,-0.39685,659.85,,1.738,0.738,0.1,0
22.969,1.7553e+07,1.214,4901.6,-426.5,0,7.3338e+05,-0.39689,659.85,,1.74,0.74,0.1,0
22.969,1.7553e+07,1.214,4901.6,-426.48,0,7.3337e+05,-0.39692,659.85,,1.742,0.742,0.1,0
22.968,1.7553e+07,1.214,4901.5,-426.45,0,7.3335e+05,-0.39695,659.85,,1.744,0.744,0.1,0
22.968,1.7552e+07,1.214,4901.5,-426.42,0,7.3334e+05,-0.39698,659.85,,1.746,0.746,0.1,0
22.967,1.7552e+07,1.214,4901.5,-426.39,0,7.3333e+05,-0.39701,659.85,,1.748,0.748,0.1,0
22.967,1.7552e+07,1.214,4901.5,-426.36,0,7.3331e+05,-0.39704,659.85,,1.75,0.75,0.1,0
22.967,1.7551e+07,1.2141,4901.5,-426.34,0,7.333e+05,-0.39708,659.85,,1.752,0.752,0.1,0
22.966,1.7551e+07,1.2141,4901.4,-426.28,0,7.3328e+05,-0.39713,659.85,,1.754,0.754,0.1,0
22.965,1.755e+07,1.2141,4901.4,-426.22,0,7.3325e+05,-0.39719,659.85,,1.756,0.756,0.1,0
22.964,1.7549e+07,1.2141,4901.3,-426.16,0,7.3323e+05,-0.39725,659.85,,1.758,0.758,0.1,0
22.963,1.7549e+07,1.2142,4901.3,-426.1,0,7.332e+05,-0.39731,659.84,,1.76,0.76,0.1,0
22.963,1.7548e+07,1.2142,4901.3,-426.04,0,7.3318e+05,-0.39737,659.84,,1.762,0.762,0.1,0
22.962,1.7548e+07,1.2142,4901.2,-425.98,0,7.3315e+05,-0.39743,659.84,,1.764,0.764,0.1,0
22.961,1.7547e+07,1.2143,4901.2,-425.92,0,7.3313e+05,-0.39749,659.84,,1.766,0.766,0.1,0
22.96,1.7546e+07,1.2143,4901.1,-425.86,0,7.331e+05,-0.39754,659.84,,1.768,0.768,0.1,0
22.96,1.7546e+07,1.2143,4901.1,-425.8,0,7.3308e+05,-0.3976,659.84,,1.77,0.77,0.1,0
22.959,1.7545e+07,1.2143,4901.1,-425.74,0,7.3305e+05,-0.39766,659.84,,1.772,0.772,0.1,0
22.958,1.7545e+07,1.2144,4901,-425.68,0,7.3303e+05,-0.39772,659.84,,1.774,0.774,0.1,0
22.957,1.7544e+07,1.2144,4901,-425.61,0,7.33e+05,-0.39778,659.84,,1.776,0.776,0.1,0
22.956,1.7543e+07,1.2144,4900.9,-425.55,0,7.3298e+05,-0.39784,659.84,,1.778,0.778,0.1,0
22.956,1.7543e+07,1.2145,4900.9,-425.49,0,7.3295e+05,-0.3979,659.84,,1.78,0.78,0.1,0
22.955,1.7542e+07,1.2145,4900.8,-425.43,0,7.3293e+05,-0.39796,659.84,,1.782,0.782,0.1,0
22.954,1.7542e+07,1.2145,4900.8,-425.37,0,7.3291e+05,-0.39801,659.84,,1.784,0.784,0.1,0
22.953,1.7541e+07,1.2145,4900.8,-425.31,0,7.3288e+05,-0.39807,659.84,,1.786,0.786,0.1,0
22.952,1.754e+07,1.2146,4900.7,-425.25,0,7.3286e+05,-0.39813,659.84,,1.788,0.788,0.1,0
22.952,1.754e+07,1.2146,4900.7,-425.19,0,7.3283e+05,-0.39819,659.84,,1.79,0.79,0.1,0
22.951,1.7539e+07,1.2146,4900.6,-425.13,0,7.3281e+05,-0.39825,659.84,,1.792,0.792,0.1,0
22.95,1.7539e+07,1.2147,4900.6,-425.07,0,7.3278e+05,-0.39831,659.84,,1.794,0.794,0.1,0
22.949,1.7538e+07,1.2147,4900.6,-425.01,0,7.3276e+05,-0.39837,659.84,,1.796,0.796,0.1,0
22.948,1.7537e+07,1.2147,4900.5,-424.95,0,7.3273e+05,-0.39843,659.83,,1.798,0.798,0.1,0
22.948,1.7537e+07,1.2148,4900.5,-424.89,0,7.3271e+05,-0.39848,659.83,,1.8,0.8,0.1,0
22.947,1.7536e+07,1.2148,4900.4,-424.83,0,7.3268e+05,-0.39854,659.83,,1.802,0.802,0.1,0
22.946,1.7536e+07,1.2148,4900.4,-424.77,0,7.3266e+05,-0.3986,659.83,,1.804,0.804,0.1,0
22.945,1.7535e+07,1.2148,4900.3,-424.71,0,7.3263e+05,-0.39866,659.83,,1.806,0.806,0.1,0
22.944,1.7534e+07,1.2149,4900.3,-424.65,0,7.3261e+05,-0.39872,659.83,,1.808,0.808,0.1,0
22.944,1.7534e+07,1.2149,4900.3,-424.59,0,7.3258e+05,-0.39878,659.83,,1.81,0.81,0.1,0
22.943,1.7533e+07,1.2149,4900.2,-424.53,0,7.3256e+05,-0.39884,659.83,,1.812,0.812,0.1,0
22.942,1.7533e+07,1.215,4900.2,-424.47,0,7.3254e+05,-0.3989,659.83,,1.814,0.814,0.1,0
22.941,1.7532e+07,1.215,4900.1,-424.41,0,7.3251e+05,-0.39895,659.83,,1.816,0.816,0.1,0
22.94,1.7531e+07,1.215,4900.1,-424.35,0,7.3249e+05,-0.39901,659.83,,1.818,0.818,0.1,0
22.94,1.7531e+07,1.215,4900.1,-424.29,0,7.3246e+05,-0.39907,659.83,,1.82,0.82,0.1,0
22.939,1.753e+07,1.2151,4900,-424.23,0,7.3244e+05,-0.39913,659.83,,1.822,0.822,0.1,0
22.938,1.753e+07,1.2151,4900,-424.19,0,7.3241e+05,-0.39919,659.83,,1.824,0.824,0.1,0
22.937,1.7529e+07,1.2151,4899.9,-424.14,0,7.3239e+05,-0.39925,659.83,,1.826,0.826,0.1,0
22.936,1.7528e+07,1.2152,4899.9,-424.1,0,7.3236e+05,-0.39931,659.83,,1.828,0.828,0.1,0
22.936,1.7528e+07,1.2152,4899.8,-424.05,0,7.3233e+05,-0.39937,659.83,,1.83,0.83,0.1,0
22.935,1.7527e+07,1.2152,4899.8,-424.01,0,7.3231e+05,-0.39944,659.82,,1.832,0.832,0.1,0
22.934,1.7526e+07,1.2153,4899.7,-423.96,0,7.3228e+05,-0.3995,659.82,,1.834,0.834,0.1,0
22.933,1.7526e+07,1.2153,4899.7,-423.92,0,7.3226e+05,-0.39956,659.82,,1.836,0.836,0.1,0
22.932,1.7525e+07,1.2153,4899.7,-423.87,0,7.3223e+05,-0.39962,659.82,,1.838,0.838,0.1,0
22.931,1.7525e+07,1.2153,4899.6,-423.83,0,7.3221e+05,-0.39968,659.82,,1.84,0.84,0.1,0
22.931,1.7524e+07,1.2154,4899.6,-423.78,0,7.3218e+05,-0.39974,659.82,,1.842,0.842,0.1,0
22.93,1.7523e+07,1.2154,4899.5,-423.74,0,7.3216e+05,-0.3998,659.82,,1.844,0.844,0.1,0
22.929,1.7523e+07,1.2154,4899.5,-423.69,0,7.3213e+05,-0.39987,659.82,,1.846,0.846,0.1,0
22.928,1.7522e+07,1.2155,4899.4,-423.6,0,7.3209e+05,-0.39995,659.82,,1.848,0.848,0.1,0
22.927,1.7521e+07,1.2155,4899.3,-423.51,0,7.3205e+05,-0.40004,659.82,,1.85,0.85,0.1,0
22.925,1.752e+07,1.2156,4899.3,-423.42,0,7.3202e+05,-0.40013,659.82,,1.852,0.852,0.1,0
22.924,1.7519e+07,1.2156,4899.2,-423.34,0,7.3198e+05,-0.40021,659.82,,1.854,0.854,0.1,0
22.923,1.7518e+07,1.2156,4899.1,-423.25,0,7.3195e+05,-0.4003,659.82,,1.856,0.856,0.1,0
22.922,1.7517e+07,1.2157,4899.1,-423.16,0,7.3191e+05,-0.40039,659.82,,1.858,0.858,0.1,0
22.921,1.7516e+07,1.2157,4899,-423.07,0,7.3187e+05,-0.40048,659.81,,1.86,0.86,0.1,0
22.92,1.7515e+07,1.2158,4898.9,-422.98,0,7.3184e+05,-0.40056,659.81,,1.862,0.862,0.1,0
22.918,1.7515e+07,1.2158,4898.9,-422.89,0,7.318e+05,-0.40065,659.81,,1.864,0.864,0.1,0
22.917,1.7514e+07,1.2159,4898.8,-422.8,0,7.3176e+05,-0.40074,659.81,,1.866,0.866,0.1,0
22.916,1.7513e+07,1.2159,4898.7,-422.71,0,7.3173e+05,-0.40082,659.81,,1.868,0.868,0.1,0
22.915,1.7512e+07,1.2159,4898.7,-422.63,0,7.3169e+05,-0.40091,659.81,,1.87,0.87,0.1,0
22.914,1.7511e+07,1.216,4898.6,-422.54,0,7.3165e+05,-0.401,659.81,,1.872,0.872,0.1,0
22.913,1.751e+07,1.216,4898.5,-422.45,0,7.3162e+05,-0.40109,659.81,,1.874,0.874,0.1,0
22.911,1.7509e+07,1.2161,4898.5,-422.36,0,7.3158e+05,-0.40117,659.81,,1.876,0.876,0.1,0
22.91,1.7508e+07,1.2161,4898.4,-422.27,0,7.3154e+05,-0.40126,659.81,,1.878,0.878,0.1,0
22.909,1.7507e+07,1.2161,4898.3,-422.18,0,7.3151e+05,-0.40135,659.81,,1.88,0.88,0.1,0
22.908,1.7506e+07,1.2162,4898.3,-422.09,0,7.3147e+05,-0.40143,659.81,,1.882,0.882,0.1,0
22.907,1.7506e+07,1.2162,4898.2,-422.01,0,7.3143e+05,-0.40152,659.8,,1.884,0.884,0.1,0
22.905,1.7505e+07,1.2163,4898.1,-421.92,0,7.314e+05,-0.40161,659.8,,1.886,0.886,0.1,0
22.904,1.7504e+07,1.2163,4898.1,-421.83,0,7.3136e+05,-0.4017,659.8,,1.888,0.888,0.1,0
22.903,1.7503e+07,1.2164,4898,-421.74,0,7.3132e+05,-0.40178,659.8,,1.89,0.89,0.1,0
22.902,1.7502e+07,1.2164,4897.9,-421.65,0,7.3129e+05,-0.40187,659.8,,1.892,0.892,0.1,0
22.901,1.7501e+07,1.2164,4897.9,-421.56,0,7.3125e+05,-0.40196,659.8,,1.894,0.894,0.1,0
22.899,1.75e+07,1.2165,4897.8,-421.45,0,7.3121e+05,-0.40206,659.8,,1.896,0.896,0.1,0
22.898,1.7499e+07,1.2165,4897.7,-421.35,0,7.3117e+05,-0.40215,659.8,,1.898,0.898,0.1,0
22.897,1.7498e+07,1.2166,4897.6,-421.24,0,7.3113e+05,-0.40225,659.8,,1.9,0.9,0.1,0
22.896,1.7497e+07,1.2166,4897.6,-421.14,0,7.3109e+05,-0.40234,659.8,,1.902,0.902,0.1,0
22.894,1.7496e+07,1.2167,4897.5,-421.03,0,7.3105e+05,-0.40244,659.8,,1.904,0.904,0.1,0
22.893,1.7495e+07,1.2167,4897.4,-420.93,0,7.3101e+05,-0.40254,659.79,,1.906,0.906,0.1,0
22.892,1.7494e+07,1.2168,4897.3,-420.82,0,7.3097e+05,-0.40263,659.79,,1.908,0.908,0.1,0
22.89,1.7493e+07,1.2168,4897.2,-420.72,0,7.3093e+05,-0.40273,659.79,,1.91,0.91,0.1,0
22.889,1.7492e+07,1.2168,4897.2,-420.61,0,7.3089e+05,-0.40282,659.79,,1.912,0.912,0.1,0
22.888,1.7491e+07,1.2169,4897.1,-420.51,0,7.3085e+05,-0.40292,659.79,,1.914,0.914,0.1,0
22.887,1.749e+07,1.2169,4897,-420.4,0,7.3081e+05,-0.40301,659.79,,1.916,0.916,0.1,0
22.885,1.7489e+07,1.217,4896.9,-420.3,0,7.3077e+05,-0.40311,659.79,,1.918,0.918,0.1,0
22.884,1.7488e+07,1.217,4896.9,-420.19,0,7.3073e+05,-0.40321,659.79,,1.92,0.92,0.1,0
22.883,1.7487e+07,1.2171,4896.8,-420.09,0,7.3069e+05,-0.4033,659.79,,1.922,0.922,0.1,0
22.881,1.7486e+07,1.2171,4896.7,-419.98,0,7.3065e+05,-0.4034,659.79,,1.924,0.924,0.1,0
22.88,1.7485e+07,1.2172,4896.6,-419.88,0,7.3061e+05,-0.40349,659.79,,1.926,0.926,0.1,0
22.879,1.7484e+07,1.2172,4896.5,-419.77,0,7.3056e+05,-0.40359,659.78,,1.928,0.928,0.1,0
22.877,1.7483e+07,1.2173,4896.4,-419.64,0,7.3052e+05,-0.4037,659.78,,1.93,0.93,0.1,0
22.876,1.7482e+07,1.2173,4896.3,-419.51,0,7.3047e+05,-0.4038,659.78,,1.932,0.932,0.1,0
22.874,1.7481e+07,1.2174,4896.3,-419.38,0,7.3043e+05,-0.40391,659.78,,1.934,0.934,0.1,0
22.873,1.748e+07,1.2174,4896.2,-419.25,0,7.3039e+05,-0.40402,659.78,,1.936,0.936,0.1,0
22.872,1.7479e+07,1.2174,4896.1,-419.12,0,7.3034e+05,-0.40412,659.78,,1.938,0.938,0.1,0
22.87,1.7478e+07,1.2175,4896,-418.99,0,7.303e+05,-0.40423,659.78,,1.94,0.94,0.1,0
22.869,1.7477e+07,1.2175,4895.9,-418.86,0,7.3025e+05,-0.40434,659.78,,1.942,0.942,0.1,0
22.867,1.7475e+07,1.2176,4895.8,-418.73,0,7.3021e+05,-0.40444,659.78,,1.944,0.944,0.1,0
22.866,1.7474e+07,1.2176,4895.7,-418.6,0,7.3016e+05,-0.40455,659.78,,1.946,0.946,0.1,0
22.864,1.7473e+07,1.2177,4895.6,-418.47,0,7.3012e+05,-0.40465,659.77,,1.948,0.948,0.1,0
22.863,1.7472e+07,1.2177,4895.5,-418.34,0,7.3007e+05,-0.40476,659.77,,1.95,0.95,0.1,0
22.862,1.7471e+07,1.2178,4895.4,-418.21,0,7.3003e+05,-0.40487,659.77,,1.952,0.952,0.1,0
22.86,1.747e+07,1.2178,4895.3,-418.11,0,7.2998e+05,-0.40498,659.77,,1.954,0.954,0.1,0
22.859,1.7469e+07,1.2179,4895.2,-418,0,7.2994e+05,-0.40508,659.77,,1.956,0.956,0.1,0
22.857,1.7468e+07,1.2179,4895.1,-417.9,0,7.2989e+05,-0.40519,659.77,,1.958,0.958,0.1,0
22.856,1.7467e+07,1.218,4895,-417.8,0,7.2985e+05,-0.4053,659.77,,1.96,0.96,0.1,0
22.854,1.7465e+07,1.218,4894.9,-417.69,0,7.298e+05,-0.40541,659.77,,1.962,0.962,0.1,0
22.853,1.7464e+07,1.2181,4894.8,-417.59,0,7.2975e+05,-0.40552,659.77,,1.964,0.964,0.1,0
22.851,1.7463e+07,1.2181,4894.7,-417.49,0,7.2971e+05,-0.40563,659.76,,1.966,0.966,0.1,0
22.85,1.7462e+07,1.2182,4894.6,-417.38,0,7.2966e+05,-0.40574,659.76,,1.968,0.968,0.1,0
22.848,1.7461e+07,1.2182,4894.5,-417.28,0,7.2962e+05,-0.40585,659.76,,1.97,0.97,0.1,0
22.847,1.746e+07,1.2183,4894.3,-417.18,0,7.2957e+05,-0.40596,659.76,,1.972,0.972,0.1,0
22.845,1.7459e+07,1.2183,4894.2,-417.07,0,7.2953e+05,-0.40607,659.76,,1.974,0.974,0.1,0
22.844,1.7458e+07,1.2184,4894.1,-416.97,0,7.2948e+05,-0.40618,659.76,,1.976,0.976,0.1,0
22.842,1.7456e+07,1.2184,4894,-416.87,0,7.2943e+05,-0.40628,659.76,,1.978,0.978,0.1,0
22.841,1.7455e+07,1.2185,4893.9,-416.76,0,7.2939e+05,-0.40639,659.76,,1.98,0.98,0.1,0
22.84,1.7454e+07,1.2185,4893.8,-416.66,0,7.2934e+05,-0.4065,659.76,,1.982,0.982,0.1,0
22.838,1.7453e+07,1.2185,4893.7,-416.56,0,7.293e+05,-0.40661,659.76,,1.984,0.984,0.1,0
22.837,1.7452e+07,1.2186,4893.6,-416.45,0,7.2925e+05,-0.40672,659.75,,1.986,0.986,0.1,0
22.835,1.7451e+07,1.2186,4893.5,-416.35,0,7.292e+05,-0.40683,659.75,,1.988,0.988,0.1,0
22.834,1.745e+07,1.2187,4893.4,-416.25,0,7.2916e+05,-0.40694,659.75,,1.99,0.99,0.1,0
22.832,1.7449e+07,1.2187,4893.3,-416.14,0,7.2911e+05,-0.40705,659.75,,1.992,0.992,0.1,0
22.831,1.7447e+07,1.2188,4893.2,-416.04,0,7.2907e+05,-0.40716,659.75,,1.994,0.994,0.1,0
22.829,1.7446e+07,1.2188,4893.1,-415.94,0,7.2902e+05,-0.40727,659.75,,1.996,0.996,0.1,0
22.828,1.7445e+07,1.2189,4893,-415.83,0,7.2898e+05,-0.40738,659.75,,1.998,0.998,0.1,0
22.826,1.7444e+07,1.2189,4892.9,-415.73,0,7.2893e+05,-0.40748,659.75,,2,1,0.1,0
